"league_name","season","team_long_name","avg_team_rating_pro_season","last_season_rating","points_in_season","points_in_last_season"
Belgium Jupiler League,"2008/2009",Beerschot AC,66,,42,
Belgium Jupiler League,"2009/2010",Beerschot AC,66.35,66,35,42
Belgium Jupiler League,"2010/2011",Beerschot AC,65.75,66.35,26,35
Belgium Jupiler League,"2011/2012",Beerschot AC,65.94,65.75,36,26
Belgium Jupiler League,"2012/2013",Beerschot AC,65.87,65.94,23,36
Belgium Jupiler League,"2008/2009",Club Brugge KV,68.72,,59,
Belgium Jupiler League,"2009/2010",Club Brugge KV,68.47,68.72,57,59
Belgium Jupiler League,"2010/2011",Club Brugge KV,69.01,68.47,53,57
Belgium Jupiler League,"2011/2012",Club Brugge KV,69.19,69.01,61,53
Belgium Jupiler League,"2012/2013",Club Brugge KV,70.12,69.19,54,61
Belgium Jupiler League,"2014/2015",Club Brugge KV,70.91,70.12,61,54
Belgium Jupiler League,"2015/2016",Club Brugge KV,71.2,70.91,64,61
Belgium Jupiler League,"2008/2009",FCV Dender EH,63.94,,35,
Belgium Jupiler League,"2008/2009",KAA Gent,68.11,,59,
Belgium Jupiler League,"2009/2010",KAA Gent,67.53,68.11,49,59
Belgium Jupiler League,"2010/2011",KAA Gent,68.24,67.53,57,49
Belgium Jupiler League,"2011/2012",KAA Gent,68.17,68.24,56,57
Belgium Jupiler League,"2012/2013",KAA Gent,68.55,68.17,34,56
Belgium Jupiler League,"2013/2014",KAA Gent,66.92,68.55,10,34
Belgium Jupiler League,"2014/2015",KAA Gent,68.31,66.92,57,10
Belgium Jupiler League,"2015/2016",KAA Gent,70.86,68.31,60,57
Belgium Jupiler League,"2010/2011",KAS Eupen,63.57,,23,
Belgium Jupiler League,"2008/2009",KRC Genk,66.75,,50,
Belgium Jupiler League,"2009/2010",KRC Genk,66.28,66.75,34,50
Belgium Jupiler League,"2010/2011",KRC Genk,67.4,66.28,64,34
Belgium Jupiler League,"2011/2012",KRC Genk,68.75,67.4,46,64
Belgium Jupiler League,"2012/2013",KRC Genk,69,68.75,55,46
Belgium Jupiler League,"2014/2015",KRC Genk,68.74,69,49,55
Belgium Jupiler League,"2015/2016",KRC Genk,69.5,68.74,48,49
Belgium Jupiler League,"2008/2009",KSV Cercle Brugge,65.84,,47,
Belgium Jupiler League,"2009/2010",KSV Cercle Brugge,65.14,65.84,38,47
Belgium Jupiler League,"2010/2011",KSV Cercle Brugge,65.21,65.14,39,38
Belgium Jupiler League,"2011/2012",KSV Cercle Brugge,65.09,65.21,46,39
Belgium Jupiler League,"2012/2013",KSV Cercle Brugge,66.04,65.09,14,46
Belgium Jupiler League,"2014/2015",KSV Cercle Brugge,65.69,66.04,24,14
Belgium Jupiler League,"2008/2009",KSV Roeselare,62.94,,30,
Belgium Jupiler League,"2009/2010",KSV Roeselare,65.71,62.94,18,30
Belgium Jupiler League,"2008/2009",KV Kortrijk,67.37,,38,
Belgium Jupiler League,"2009/2010",KV Kortrijk,64.69,67.37,45,38
Belgium Jupiler League,"2010/2011",KV Kortrijk,65.36,64.69,38,45
Belgium Jupiler League,"2011/2012",KV Kortrijk,65.17,65.36,46,38
Belgium Jupiler League,"2012/2013",KV Kortrijk,66.39,65.17,39,46
Belgium Jupiler League,"2014/2015",KV Kortrijk,67.4,66.39,51,39
Belgium Jupiler League,"2015/2016",KV Kortrijk,67.88,67.4,39,51
Belgium Jupiler League,"2008/2009",KV Mechelen,64.07,,46,
Belgium Jupiler League,"2009/2010",KV Mechelen,64.19,64.07,39,46
Belgium Jupiler League,"2010/2011",KV Mechelen,65.98,64.19,48,39
Belgium Jupiler League,"2011/2012",KV Mechelen,66.54,65.98,37,48
Belgium Jupiler League,"2012/2013",KV Mechelen,66.78,66.54,41,37
Belgium Jupiler League,"2014/2015",KV Mechelen,66.8,66.78,41,41
Belgium Jupiler League,"2015/2016",KV Mechelen,68.19,66.8,37,41
Belgium Jupiler League,"2013/2014",KV Oostende,65.9,,14,
Belgium Jupiler League,"2014/2015",KV Oostende,67.12,65.9,38,14
Belgium Jupiler League,"2015/2016",KV Oostende,68.96,67.12,49,38
Belgium Jupiler League,"2008/2009",KVC Westerlo,64.88,,52,
Belgium Jupiler League,"2009/2010",KVC Westerlo,64.88,64.88,32,52
Belgium Jupiler League,"2010/2011",KVC Westerlo,65.33,64.88,41,32
Belgium Jupiler League,"2011/2012",KVC Westerlo,65.28,65.33,20,41
Belgium Jupiler League,"2014/2015",KVC Westerlo,65.54,65.28,33,20
Belgium Jupiler League,"2015/2016",KVC Westerlo,67.22,65.54,30,33
Belgium Jupiler League,"2010/2011",Lierse SK,65.95,,24,
Belgium Jupiler League,"2011/2012",Lierse SK,65.89,65.95,31,24
Belgium Jupiler League,"2012/2013",Lierse SK,64.48,65.89,26,31
Belgium Jupiler League,"2013/2014",Lierse SK,63.54,64.48,6,26
Belgium Jupiler League,"2014/2015",Lierse SK,65.04,63.54,22,6
Belgium Jupiler League,"2011/2012",Oud-Heverlee Leuven,64.42,,29,
Belgium Jupiler League,"2012/2013",Oud-Heverlee Leuven,65.89,64.42,36,29
Belgium Jupiler League,"2015/2016",Oud-Heverlee Leuven,67.71,65.89,29,36
Belgium Jupiler League,"2011/2012",RAEC Mons,65.25,,36,
Belgium Jupiler League,"2012/2013",RAEC Mons,66,65.25,44,36
Belgium Jupiler League,"2008/2009",RSC Anderlecht,69.57,,77,
Belgium Jupiler League,"2009/2010",RSC Anderlecht,69.87,69.57,69,77
Belgium Jupiler League,"2010/2011",RSC Anderlecht,70.47,69.87,65,69
Belgium Jupiler League,"2011/2012",RSC Anderlecht,71,70.47,67,65
Belgium Jupiler League,"2012/2013",RSC Anderlecht,71.09,71,67,67
Belgium Jupiler League,"2014/2015",RSC Anderlecht,71.02,71.09,57,67
Belgium Jupiler League,"2015/2016",RSC Anderlecht,72.25,71.02,55,57
Belgium Jupiler League,"2008/2009",Royal Excel Mouscron,68.31,,44,
Belgium Jupiler League,"2014/2015",Royal Excel Mouscron,65.77,68.31,26,44
Belgium Jupiler League,"2015/2016",Royal Excel Mouscron,66.94,65.77,30,26
Belgium Jupiler League,"2008/2009",SV Zulte-Waregem,64.05,,55,
Belgium Jupiler League,"2009/2010",SV Zulte-Waregem,64.86,64.05,41,55
Belgium Jupiler League,"2010/2011",SV Zulte-Waregem,65.84,64.86,33,41
Belgium Jupiler League,"2011/2012",SV Zulte-Waregem,66.25,65.84,30,33
Belgium Jupiler League,"2012/2013",SV Zulte-Waregem,67.28,66.25,63,30
Belgium Jupiler League,"2014/2015",SV Zulte-Waregem,66.59,67.28,31,63
Belgium Jupiler League,"2015/2016",SV Zulte-Waregem,67.16,66.59,43,31
Belgium Jupiler League,"2009/2010",Sint-Truidense VV,65.64,,42,
Belgium Jupiler League,"2010/2011",Sint-Truidense VV,64.6,65.64,29,42
Belgium Jupiler League,"2011/2012",Sint-Truidense VV,64.96,64.6,19,29
Belgium Jupiler League,"2015/2016",Sint-Truidense VV,67.12,64.96,30,19
Belgium Jupiler League,"2008/2009",Sporting Charleroi,63.77,,43,
Belgium Jupiler League,"2009/2010",Sporting Charleroi,67.14,63.77,23,43
Belgium Jupiler League,"2010/2011",Sporting Charleroi,64.64,67.14,19,23
Belgium Jupiler League,"2012/2013",Sporting Charleroi,64.66,64.64,34,19
Belgium Jupiler League,"2014/2015",Sporting Charleroi,66.36,64.66,49,34
Belgium Jupiler League,"2015/2016",Sporting Charleroi,68.32,66.36,39,49
Belgium Jupiler League,"2008/2009",Sporting Lokeren,67.88,,51,
Belgium Jupiler League,"2009/2010",Sporting Lokeren,66.02,67.88,18,51
Belgium Jupiler League,"2010/2011",Sporting Lokeren,66.04,66.02,50,18
Belgium Jupiler League,"2011/2012",Sporting Lokeren,67.17,66.04,44,50
Belgium Jupiler League,"2012/2013",Sporting Lokeren,68,67.17,51,44
Belgium Jupiler League,"2014/2015",Sporting Lokeren,69.17,68,42,51
Belgium Jupiler League,"2015/2016",Sporting Lokeren,68.9,69.17,34,42
Belgium Jupiler League,"2008/2009",Standard de Liège,70.38,,77,
Belgium Jupiler League,"2009/2010",Standard de Liège,69.71,70.38,39,77
Belgium Jupiler League,"2010/2011",Standard de Liège,68.77,69.71,49,39
Belgium Jupiler League,"2011/2012",Standard de Liège,68.7,68.77,51,49
Belgium Jupiler League,"2012/2013",Standard de Liège,69.05,68.7,50,51
Belgium Jupiler League,"2014/2015",Standard de Liège,69.98,69.05,53,50
Belgium Jupiler League,"2015/2016",Standard de Liège,69.57,69.98,41,53
Belgium Jupiler League,"2008/2009",Tubize,66.09,,27,
Belgium Jupiler League,"2012/2013",Waasland-Beveren,65.48,,30,
Belgium Jupiler League,"2013/2014",Waasland-Beveren,65.11,65.48,4,30
Belgium Jupiler League,"2014/2015",Waasland-Beveren,66.49,65.11,26,4
Belgium Jupiler League,"2015/2016",Waasland-Beveren,65.94,66.49,33,26
England Premier League,"2008/2009",Arsenal,79.8,,72,
England Premier League,"2009/2010",Arsenal,79.33,79.8,75,72
England Premier League,"2010/2011",Arsenal,79.67,79.33,68,75
England Premier League,"2011/2012",Arsenal,79.34,79.67,70,68
England Premier League,"2012/2013",Arsenal,79.42,79.34,73,70
England Premier League,"2013/2014",Arsenal,79.51,79.42,79,73
England Premier League,"2014/2015",Arsenal,78.22,79.51,75,79
England Premier League,"2015/2016",Arsenal,77.81,78.22,71,75
England Premier League,"2008/2009",Aston Villa,78.82,,62,
England Premier League,"2009/2010",Aston Villa,78.92,78.82,64,62
England Premier League,"2010/2011",Aston Villa,77.67,78.92,48,64
England Premier League,"2011/2012",Aston Villa,75.62,77.67,38,48
England Premier League,"2012/2013",Aston Villa,74.02,75.62,41,38
England Premier League,"2013/2014",Aston Villa,74.13,74.02,38,41
England Premier League,"2014/2015",Aston Villa,75.12,74.13,38,38
England Premier League,"2015/2016",Aston Villa,74.98,75.12,17,38
England Premier League,"2009/2010",Birmingham City,75.66,,50,
England Premier League,"2010/2011",Birmingham City,76.39,75.66,39,50
England Premier League,"2008/2009",Blackburn Rovers,75.67,,41,
England Premier League,"2009/2010",Blackburn Rovers,74.64,75.67,50,41
England Premier League,"2010/2011",Blackburn Rovers,75.61,74.64,43,50
England Premier League,"2011/2012",Blackburn Rovers,74.02,75.61,31,43
England Premier League,"2010/2011",Blackpool,72.58,,39,
England Premier League,"2008/2009",Bolton Wanderers,74.77,,41,
England Premier League,"2009/2010",Bolton Wanderers,75.21,74.77,39,41
England Premier League,"2010/2011",Bolton Wanderers,76.11,75.21,46,39
England Premier League,"2011/2012",Bolton Wanderers,74.38,76.11,36,46
England Premier League,"2015/2016",Bournemouth,72.17,,42,
England Premier League,"2009/2010",Burnley,72.75,,30,
England Premier League,"2014/2015",Burnley,71.81,72.75,33,30
England Premier League,"2013/2014",Cardiff City,73.6,,30,
England Premier League,"2008/2009",Chelsea,81.63,,83,
England Premier League,"2009/2010",Chelsea,81.87,81.63,86,83
England Premier League,"2010/2011",Chelsea,81.52,81.87,71,86
England Premier League,"2011/2012",Chelsea,80.27,81.52,64,71
England Premier League,"2012/2013",Chelsea,80.18,80.27,75,64
England Premier League,"2013/2014",Chelsea,80.4,80.18,82,75
England Premier League,"2014/2015",Chelsea,80.9,80.4,87,82
England Premier League,"2015/2016",Chelsea,80.44,80.9,50,87
England Premier League,"2013/2014",Crystal Palace,73,,45,
England Premier League,"2014/2015",Crystal Palace,74.21,73,48,45
England Premier League,"2015/2016",Crystal Palace,75.65,74.21,42,48
England Premier League,"2008/2009",Everton,78.02,,63,
England Premier League,"2009/2010",Everton,77.97,78.02,61,63
England Premier League,"2010/2011",Everton,77.68,77.97,54,61
England Premier League,"2011/2012",Everton,77.08,77.68,56,54
England Premier League,"2012/2013",Everton,77.35,77.08,63,56
England Premier League,"2013/2014",Everton,77.13,77.35,72,63
England Premier League,"2014/2015",Everton,77.53,77.13,47,72
England Premier League,"2015/2016",Everton,77.1,77.53,47,47
England Premier League,"2008/2009",Fulham,75.71,,53,
England Premier League,"2009/2010",Fulham,76.11,75.71,46,53
England Premier League,"2010/2011",Fulham,76.76,76.11,49,46
England Premier League,"2011/2012",Fulham,76.84,76.76,52,49
England Premier League,"2012/2013",Fulham,76.39,76.84,43,52
England Premier League,"2013/2014",Fulham,75.69,76.39,32,43
England Premier League,"2008/2009",Hull City,72.19,,35,
England Premier League,"2009/2010",Hull City,72.77,72.19,30,35
England Premier League,"2013/2014",Hull City,73.26,72.77,37,30
England Premier League,"2014/2015",Hull City,73.63,73.26,35,37
England Premier League,"2014/2015",Leicester City,72.34,,41,
England Premier League,"2015/2016",Leicester City,75.18,72.34,81,41
England Premier League,"2008/2009",Liverpool,80.35,,86,
England Premier League,"2009/2010",Liverpool,80.26,80.35,63,86
England Premier League,"2010/2011",Liverpool,79.12,80.26,58,63
England Premier League,"2011/2012",Liverpool,78.36,79.12,52,58
England Premier League,"2012/2013",Liverpool,78.39,78.36,61,52
England Premier League,"2013/2014",Liverpool,78.68,78.39,84,61
England Premier League,"2014/2015",Liverpool,78.22,78.68,62,84
England Premier League,"2015/2016",Liverpool,77.39,78.22,60,62
England Premier League,"2008/2009",Manchester City,77.77,,50,
England Premier League,"2009/2010",Manchester City,79.86,77.77,67,50
England Premier League,"2010/2011",Manchester City,80.3,79.86,71,67
England Premier League,"2011/2012",Manchester City,80.92,80.3,89,71
England Premier League,"2012/2013",Manchester City,80.96,80.92,78,89
England Premier League,"2013/2014",Manchester City,81.2,80.96,86,78
England Premier League,"2014/2015",Manchester City,80.86,81.2,79,86
England Premier League,"2015/2016",Manchester City,80.51,80.86,66,79
England Premier League,"2008/2009",Manchester United,81.5,,90,
England Premier League,"2009/2010",Manchester United,80.48,81.5,85,90
England Premier League,"2010/2011",Manchester United,80.78,80.48,80,85
England Premier League,"2011/2012",Manchester United,79.62,80.78,89,80
England Premier League,"2012/2013",Manchester United,80.42,79.62,89,89
England Premier League,"2013/2014",Manchester United,79.45,80.42,64,89
England Premier League,"2014/2015",Manchester United,79.59,79.45,70,64
England Premier League,"2015/2016",Manchester United,78.71,79.59,66,70
England Premier League,"2008/2009",Middlesbrough,74.23,,32,
England Premier League,"2008/2009",Newcastle United,75.31,,34,
England Premier League,"2010/2011",Newcastle United,74.87,75.31,46,34
England Premier League,"2011/2012",Newcastle United,76.51,74.87,65,46
England Premier League,"2012/2013",Newcastle United,76.68,76.51,41,65
England Premier League,"2013/2014",Newcastle United,76.5,76.68,49,41
England Premier League,"2014/2015",Newcastle United,74.41,76.5,39,49
England Premier League,"2015/2016",Newcastle United,75.94,74.41,37,39
England Premier League,"2011/2012",Norwich City,71.4,,47,
England Premier League,"2012/2013",Norwich City,73.58,71.4,44,47
England Premier League,"2013/2014",Norwich City,74.61,73.58,33,44
England Premier League,"2015/2016",Norwich City,73.82,74.61,34,33
England Premier League,"2008/2009",Portsmouth,75.88,,41,
England Premier League,"2009/2010",Portsmouth,73.77,75.88,28,41
England Premier League,"2011/2012",Queens Park Rangers,73.88,,37,
England Premier League,"2012/2013",Queens Park Rangers,75.42,73.88,25,37
England Premier League,"2014/2015",Queens Park Rangers,74.81,75.42,30,25
England Premier League,"2012/2013",Reading,71.99,,28,
England Premier League,"2012/2013",Southampton,74.07,,41,
England Premier League,"2013/2014",Southampton,74.7,74.07,56,41
England Premier League,"2014/2015",Southampton,76.02,74.7,60,56
England Premier League,"2015/2016",Southampton,75.91,76.02,63,60
England Premier League,"2008/2009",Stoke City,72.08,,45,
England Premier League,"2009/2010",Stoke City,74.09,72.08,47,45
England Premier League,"2010/2011",Stoke City,75.33,74.09,46,47
England Premier League,"2011/2012",Stoke City,75.56,75.33,45,46
England Premier League,"2012/2013",Stoke City,75.03,75.56,42,45
England Premier League,"2013/2014",Stoke City,75.25,75.03,50,42
England Premier League,"2014/2015",Stoke City,75.82,75.25,54,50
England Premier League,"2015/2016",Stoke City,76.32,75.82,51,54
England Premier League,"2008/2009",Sunderland,75.1,,36,
England Premier League,"2009/2010",Sunderland,75.23,75.1,44,36
England Premier League,"2010/2011",Sunderland,75.47,75.23,47,44
England Premier League,"2011/2012",Sunderland,75.45,75.47,45,47
England Premier League,"2012/2013",Sunderland,75.12,75.45,39,45
England Premier League,"2013/2014",Sunderland,74.32,75.12,38,39
England Premier League,"2014/2015",Sunderland,74.34,74.32,38,38
England Premier League,"2015/2016",Sunderland,74.94,74.34,39,38
England Premier League,"2011/2012",Swansea City,73.69,,47,
England Premier League,"2012/2013",Swansea City,74.97,73.69,46,47
England Premier League,"2013/2014",Swansea City,75.59,74.97,42,46
England Premier League,"2014/2015",Swansea City,75.55,75.59,56,42
England Premier League,"2015/2016",Swansea City,76.16,75.55,47,56
England Premier League,"2008/2009",Tottenham Hotspur,77.93,,51,
England Premier League,"2009/2010",Tottenham Hotspur,78.31,77.93,70,51
England Premier League,"2010/2011",Tottenham Hotspur,79.39,78.31,62,70
England Premier League,"2011/2012",Tottenham Hotspur,79.71,79.39,69,62
England Premier League,"2012/2013",Tottenham Hotspur,79.13,79.71,72,69
England Premier League,"2013/2014",Tottenham Hotspur,77.69,79.13,69,72
England Premier League,"2014/2015",Tottenham Hotspur,76.51,77.69,64,69
England Premier League,"2015/2016",Tottenham Hotspur,76.74,76.51,70,64
England Premier League,"2015/2016",Watford,74.01,,45,
England Premier League,"2008/2009",West Bromwich Albion,71.86,,32,
England Premier League,"2010/2011",West Bromwich Albion,73.85,71.86,47,32
England Premier League,"2011/2012",West Bromwich Albion,74.21,73.85,47,47
England Premier League,"2012/2013",West Bromwich Albion,74.67,74.21,49,47
England Premier League,"2013/2014",West Bromwich Albion,74.24,74.67,36,49
England Premier League,"2014/2015",West Bromwich Albion,74.43,74.24,44,36
England Premier League,"2015/2016",West Bromwich Albion,74.83,74.43,43,44
England Premier League,"2008/2009",West Ham United,75.81,,51,
England Premier League,"2009/2010",West Ham United,74.65,75.81,35,51
England Premier League,"2010/2011",West Ham United,75.03,74.65,33,35
England Premier League,"2012/2013",West Ham United,73.26,75.03,46,33
England Premier League,"2013/2014",West Ham United,73.91,73.26,40,46
England Premier League,"2014/2015",West Ham United,74.36,73.91,47,40
England Premier League,"2015/2016",West Ham United,76.1,74.36,62,47
England Premier League,"2008/2009",Wigan Athletic,74.45,,45,
England Premier League,"2009/2010",Wigan Athletic,74.38,74.45,36,45
England Premier League,"2010/2011",Wigan Athletic,73.94,74.38,42,36
England Premier League,"2011/2012",Wigan Athletic,73.73,73.94,43,42
England Premier League,"2012/2013",Wigan Athletic,74.42,73.73,36,43
England Premier League,"2009/2010",Wolverhampton Wanderers,72.09,,38,
England Premier League,"2010/2011",Wolverhampton Wanderers,72.98,72.09,40,38
England Premier League,"2011/2012",Wolverhampton Wanderers,73.7,72.98,25,40
France Ligue 1,"2011/2012",AC Ajaccio,67.94,,41,
France Ligue 1,"2012/2013",AC Ajaccio,69.43,67.94,42,41
France Ligue 1,"2013/2014",AC Ajaccio,69.53,69.43,23,42
France Ligue 1,"2010/2011",AC Arles-Avignon,68.77,,20,
France Ligue 1,"2008/2009",AJ Auxerre,70.65,,55,
France Ligue 1,"2009/2010",AJ Auxerre,71.21,70.65,71,55
France Ligue 1,"2010/2011",AJ Auxerre,72.25,71.21,49,71
France Ligue 1,"2011/2012",AJ Auxerre,71.64,72.25,34,49
France Ligue 1,"2008/2009",AS Monaco,70.85,,45,
France Ligue 1,"2009/2010",AS Monaco,73.28,70.85,55,45
France Ligue 1,"2010/2011",AS Monaco,72.64,73.28,44,55
France Ligue 1,"2013/2014",AS Monaco,75.29,72.64,80,44
France Ligue 1,"2014/2015",AS Monaco,74.72,75.29,71,80
France Ligue 1,"2015/2016",AS Monaco,74,74.72,65,71
France Ligue 1,"2008/2009",AS Nancy-Lorraine,70.66,,42,
France Ligue 1,"2009/2010",AS Nancy-Lorraine,70.36,70.66,48,42
France Ligue 1,"2010/2011",AS Nancy-Lorraine,70.82,70.36,48,48
France Ligue 1,"2011/2012",AS Nancy-Lorraine,70.73,70.82,45,48
France Ligue 1,"2012/2013",AS Nancy-Lorraine,69.74,70.73,38,45
France Ligue 1,"2008/2009",AS Saint-Étienne,72.57,,40,
France Ligue 1,"2009/2010",AS Saint-Étienne,72.08,72.57,40,40
France Ligue 1,"2010/2011",AS Saint-Étienne,72.4,72.08,49,40
France Ligue 1,"2011/2012",AS Saint-Étienne,72.68,72.4,57,49
France Ligue 1,"2012/2013",AS Saint-Étienne,74.69,72.68,63,57
France Ligue 1,"2013/2014",AS Saint-Étienne,74.64,74.69,69,63
France Ligue 1,"2014/2015",AS Saint-Étienne,74.56,74.64,69,69
France Ligue 1,"2015/2016",AS Saint-Étienne,73.85,74.56,58,69
France Ligue 1,"2015/2016",Angers SCO,70.1,,50,
France Ligue 1,"2011/2012",Dijon FCO,68.23,,36,
France Ligue 1,"2012/2013",ES Troyes AC,69.23,,37,
France Ligue 1,"2015/2016",ES Troyes AC,69.48,69.23,18,37
France Ligue 1,"2013/2014",En Avant de Guingamp,69.23,,42,
France Ligue 1,"2014/2015",En Avant de Guingamp,71.77,69.23,49,42
France Ligue 1,"2015/2016",En Avant de Guingamp,71.76,71.77,44,49
France Ligue 1,"2008/2009",FC Lorient,69.75,,45,
France Ligue 1,"2009/2010",FC Lorient,71.02,69.75,58,45
France Ligue 1,"2010/2011",FC Lorient,72.24,71.02,49,58
France Ligue 1,"2011/2012",FC Lorient,71.54,72.24,39,49
France Ligue 1,"2012/2013",FC Lorient,71.45,71.54,53,39
France Ligue 1,"2013/2014",FC Lorient,71.22,71.45,49,53
France Ligue 1,"2014/2015",FC Lorient,71.1,71.22,43,49
France Ligue 1,"2015/2016",FC Lorient,71.34,71.1,46,43
France Ligue 1,"2014/2015",FC Metz,69.79,,30,
France Ligue 1,"2008/2009",FC Nantes,69.9,,37,
France Ligue 1,"2013/2014",FC Nantes,71.22,69.9,49,37
France Ligue 1,"2014/2015",FC Nantes,72.04,71.22,45,49
France Ligue 1,"2015/2016",FC Nantes,71.7,72.04,48,45
France Ligue 1,"2008/2009",FC Sochaux-Montbéliard,70.83,,42,
France Ligue 1,"2009/2010",FC Sochaux-Montbéliard,69.86,70.83,41,42
France Ligue 1,"2010/2011",FC Sochaux-Montbéliard,70.59,69.86,58,41
France Ligue 1,"2011/2012",FC Sochaux-Montbéliard,70.36,70.59,42,58
France Ligue 1,"2012/2013",FC Sochaux-Montbéliard,70.53,70.36,41,42
France Ligue 1,"2013/2014",FC Sochaux-Montbéliard,69.98,70.53,40,41
France Ligue 1,"2015/2016",GFC Ajaccio,68.07,,37,
France Ligue 1,"2008/2009",Girondins de Bordeaux,76.17,,80,
France Ligue 1,"2009/2010",Girondins de Bordeaux,76.8,76.17,64,80
France Ligue 1,"2010/2011",Girondins de Bordeaux,75.27,76.8,51,64
France Ligue 1,"2011/2012",Girondins de Bordeaux,74.67,75.27,61,51
France Ligue 1,"2012/2013",Girondins de Bordeaux,73.81,74.67,55,61
France Ligue 1,"2013/2014",Girondins de Bordeaux,73.53,73.81,53,55
France Ligue 1,"2014/2015",Girondins de Bordeaux,72.79,73.53,63,53
France Ligue 1,"2015/2016",Girondins de Bordeaux,72.16,72.79,50,63
France Ligue 1,"2008/2009",Grenoble Foot 38,69.09,,44,
France Ligue 1,"2009/2010",Grenoble Foot 38,69.86,69.09,23,44
France Ligue 1,"2008/2009",LOSC Lille,73.14,,64,
France Ligue 1,"2009/2010",LOSC Lille,74,73.14,70,64
France Ligue 1,"2010/2011",LOSC Lille,76.45,74,76,70
France Ligue 1,"2011/2012",LOSC Lille,76.27,76.45,74,76
France Ligue 1,"2012/2013",LOSC Lille,75.21,76.27,62,74
France Ligue 1,"2013/2014",LOSC Lille,74.4,75.21,71,62
France Ligue 1,"2014/2015",LOSC Lille,73.85,74.4,56,71
France Ligue 1,"2015/2016",LOSC Lille,71.75,73.85,60,56
France Ligue 1,"2008/2009",Le Havre AC,68.42,,26,
France Ligue 1,"2008/2009",Le Mans FC,70.73,,40,
France Ligue 1,"2009/2010",Le Mans FC,68.74,70.73,32,40
France Ligue 1,"2009/2010",Montpellier Hérault SC,71.59,,69,
France Ligue 1,"2010/2011",Montpellier Hérault SC,72.51,71.59,47,69
France Ligue 1,"2011/2012",Montpellier Hérault SC,74.06,72.51,82,47
France Ligue 1,"2012/2013",Montpellier Hérault SC,73.08,74.06,52,82
France Ligue 1,"2013/2014",Montpellier Hérault SC,71.93,73.08,42,52
France Ligue 1,"2014/2015",Montpellier Hérault SC,72.58,71.93,56,42
France Ligue 1,"2015/2016",Montpellier Hérault SC,71.66,72.58,49,56
France Ligue 1,"2008/2009",OGC Nice,70.69,,50,
France Ligue 1,"2009/2010",OGC Nice,71.53,70.69,44,50
France Ligue 1,"2010/2011",OGC Nice,72.05,71.53,46,44
France Ligue 1,"2011/2012",OGC Nice,72.03,72.05,42,46
France Ligue 1,"2012/2013",OGC Nice,71.53,72.03,64,42
France Ligue 1,"2013/2014",OGC Nice,71.76,71.53,42,64
France Ligue 1,"2014/2015",OGC Nice,70.29,71.76,48,42
France Ligue 1,"2015/2016",OGC Nice,72.49,70.29,63,48
France Ligue 1,"2008/2009",Olympique Lyonnais,76.68,,71,
France Ligue 1,"2009/2010",Olympique Lyonnais,77.47,76.68,72,71
France Ligue 1,"2010/2011",Olympique Lyonnais,77.44,77.47,64,72
France Ligue 1,"2011/2012",Olympique Lyonnais,76.59,77.44,64,64
France Ligue 1,"2012/2013",Olympique Lyonnais,75.18,76.59,67,64
France Ligue 1,"2013/2014",Olympique Lyonnais,74.22,75.18,61,67
France Ligue 1,"2014/2015",Olympique Lyonnais,73.86,74.22,75,61
France Ligue 1,"2015/2016",Olympique Lyonnais,75.76,73.86,65,75
France Ligue 1,"2008/2009",Olympique de Marseille,75.04,,77,
France Ligue 1,"2009/2010",Olympique de Marseille,76.95,75.04,78,77
France Ligue 1,"2010/2011",Olympique de Marseille,77.1,76.95,68,78
France Ligue 1,"2011/2012",Olympique de Marseille,76.47,77.1,48,68
France Ligue 1,"2012/2013",Olympique de Marseille,75.89,76.47,71,48
France Ligue 1,"2013/2014",Olympique de Marseille,75.27,75.89,60,71
France Ligue 1,"2014/2015",Olympique de Marseille,75.23,75.27,69,60
France Ligue 1,"2015/2016",Olympique de Marseille,74.73,75.23,48,69
France Ligue 1,"2008/2009",Paris Saint-Germain,74.19,,64,
France Ligue 1,"2009/2010",Paris Saint-Germain,73.75,74.19,47,64
France Ligue 1,"2010/2011",Paris Saint-Germain,75.06,73.75,60,47
France Ligue 1,"2011/2012",Paris Saint-Germain,77.02,75.06,79,60
France Ligue 1,"2012/2013",Paris Saint-Germain,78.35,77.02,83,79
France Ligue 1,"2013/2014",Paris Saint-Germain,79.1,78.35,89,83
France Ligue 1,"2014/2015",Paris Saint-Germain,78.81,79.1,83,89
France Ligue 1,"2015/2016",Paris Saint-Germain,78.33,78.81,96,83
France Ligue 1,"2009/2010",RC Lens,69.58,,48,
France Ligue 1,"2010/2011",RC Lens,69.62,69.58,35,48
France Ligue 1,"2014/2015",RC Lens,68.85,69.62,29,35
France Ligue 1,"2012/2013",SC Bastia,70.39,,47,
France Ligue 1,"2013/2014",SC Bastia,71.7,70.39,46,47
France Ligue 1,"2014/2015",SC Bastia,71.13,71.7,47,46
France Ligue 1,"2015/2016",SC Bastia,70.44,71.13,50,47
France Ligue 1,"2008/2009",SM Caen,70.72,,37,
France Ligue 1,"2010/2011",SM Caen,69.82,70.72,46,37
France Ligue 1,"2011/2012",SM Caen,70.43,69.82,38,46
France Ligue 1,"2014/2015",SM Caen,70.08,70.43,46,38
France Ligue 1,"2015/2016",SM Caen,71.64,70.08,54,46
France Ligue 1,"2010/2011",Stade Brestois 29,70.18,,46,
France Ligue 1,"2011/2012",Stade Brestois 29,70.87,70.18,41,46
France Ligue 1,"2012/2013",Stade Brestois 29,69.88,70.87,29,41
France Ligue 1,"2008/2009",Stade Rennais FC,73.24,,61,
France Ligue 1,"2009/2010",Stade Rennais FC,74.2,73.24,53,61
France Ligue 1,"2010/2011",Stade Rennais FC,71.58,74.2,56,53
France Ligue 1,"2011/2012",Stade Rennais FC,73.46,71.58,60,56
France Ligue 1,"2012/2013",Stade Rennais FC,73.84,73.46,46,60
France Ligue 1,"2013/2014",Stade Rennais FC,72.99,73.84,46,46
France Ligue 1,"2014/2015",Stade Rennais FC,73.18,72.99,50,46
France Ligue 1,"2015/2016",Stade Rennais FC,72.3,73.18,52,50
France Ligue 1,"2012/2013",Stade de Reims,70.28,,43,
France Ligue 1,"2013/2014",Stade de Reims,71.1,70.28,48,43
France Ligue 1,"2014/2015",Stade de Reims,71.31,71.1,44,48
France Ligue 1,"2015/2016",Stade de Reims,71.87,71.31,39,44
France Ligue 1,"2008/2009",Toulouse FC,72.38,,64,
France Ligue 1,"2009/2010",Toulouse FC,72.97,72.38,47,64
France Ligue 1,"2010/2011",Toulouse FC,73.06,72.97,50,47
France Ligue 1,"2011/2012",Toulouse FC,72.95,73.06,56,50
France Ligue 1,"2012/2013",Toulouse FC,72.77,72.95,51,56
France Ligue 1,"2013/2014",Toulouse FC,72.02,72.77,49,51
France Ligue 1,"2014/2015",Toulouse FC,71.97,72.02,42,49
France Ligue 1,"2015/2016",Toulouse FC,72.11,71.97,40,42
France Ligue 1,"2009/2010",US Boulogne Cote D'Opale,67.67,,31,
France Ligue 1,"2008/2009",Valenciennes FC,71.11,,44,
France Ligue 1,"2009/2010",Valenciennes FC,70.87,71.11,52,44
France Ligue 1,"2010/2011",Valenciennes FC,71.45,70.87,48,52
France Ligue 1,"2011/2012",Valenciennes FC,71.46,71.45,43,48
France Ligue 1,"2012/2013",Valenciennes FC,71.38,71.46,48,43
France Ligue 1,"2013/2014",Valenciennes FC,69.92,71.38,29,48
France Ligue 1,"2011/2012",Évian Thonon Gaillard FC,69.82,,50,
France Ligue 1,"2012/2013",Évian Thonon Gaillard FC,71.1,69.82,40,50
France Ligue 1,"2013/2014",Évian Thonon Gaillard FC,70.41,71.1,44,40
France Ligue 1,"2014/2015",Évian Thonon Gaillard FC,70.49,70.41,37,44
Germany 1. Bundesliga,"2010/2011","1. FC Kaiserslautern",71.32,,46,
Germany 1. Bundesliga,"2011/2012","1. FC Kaiserslautern",71.04,71.32,23,46
Germany 1. Bundesliga,"2008/2009","1. FC Köln",72.07,,39,
Germany 1. Bundesliga,"2009/2010","1. FC Köln",74.43,72.07,38,39
Germany 1. Bundesliga,"2010/2011","1. FC Köln",73.72,74.43,44,38
Germany 1. Bundesliga,"2011/2012","1. FC Köln",74.08,73.72,30,44
Germany 1. Bundesliga,"2014/2015","1. FC Köln",73.15,74.08,40,30
Germany 1. Bundesliga,"2015/2016","1. FC Köln",74.61,73.15,43,40
Germany 1. Bundesliga,"2009/2010","1. FC Nürnberg",71.62,,31,
Germany 1. Bundesliga,"2010/2011","1. FC Nürnberg",71.98,71.62,47,31
Germany 1. Bundesliga,"2011/2012","1. FC Nürnberg",72.32,71.98,42,47
Germany 1. Bundesliga,"2012/2013","1. FC Nürnberg",73.54,72.32,44,42
Germany 1. Bundesliga,"2013/2014","1. FC Nürnberg",72.61,73.54,26,44
Germany 1. Bundesliga,"2009/2010","1. FSV Mainz 05",71.84,,47,
Germany 1. Bundesliga,"2010/2011","1. FSV Mainz 05",72.43,71.84,58,47
Germany 1. Bundesliga,"2011/2012","1. FSV Mainz 05",72.92,72.43,39,58
Germany 1. Bundesliga,"2012/2013","1. FSV Mainz 05",73.6,72.92,42,39
Germany 1. Bundesliga,"2013/2014","1. FSV Mainz 05",72.72,73.6,53,42
Germany 1. Bundesliga,"2014/2015","1. FSV Mainz 05",73.5,72.72,40,53
Germany 1. Bundesliga,"2015/2016","1. FSV Mainz 05",74.09,73.5,50,40
Germany 1. Bundesliga,"2008/2009",Bayer 04 Leverkusen,76.87,,49,
Germany 1. Bundesliga,"2009/2010",Bayer 04 Leverkusen,76.93,76.87,59,49
Germany 1. Bundesliga,"2010/2011",Bayer 04 Leverkusen,77,76.93,68,59
Germany 1. Bundesliga,"2011/2012",Bayer 04 Leverkusen,76.25,77,54,68
Germany 1. Bundesliga,"2012/2013",Bayer 04 Leverkusen,76.86,76.25,65,54
Germany 1. Bundesliga,"2013/2014",Bayer 04 Leverkusen,75.56,76.86,61,65
Germany 1. Bundesliga,"2014/2015",Bayer 04 Leverkusen,75.84,75.56,61,61
Germany 1. Bundesliga,"2015/2016",Bayer 04 Leverkusen,76.01,75.84,60,61
Germany 1. Bundesliga,"2008/2009",Borussia Dortmund,75.16,,59,
Germany 1. Bundesliga,"2009/2010",Borussia Dortmund,75.64,75.16,57,59
Germany 1. Bundesliga,"2010/2011",Borussia Dortmund,76.72,75.64,75,57
Germany 1. Bundesliga,"2011/2012",Borussia Dortmund,77.61,76.72,81,75
Germany 1. Bundesliga,"2012/2013",Borussia Dortmund,79.02,77.61,66,81
Germany 1. Bundesliga,"2013/2014",Borussia Dortmund,78.69,79.02,71,66
Germany 1. Bundesliga,"2014/2015",Borussia Dortmund,79.04,78.69,46,71
Germany 1. Bundesliga,"2015/2016",Borussia Dortmund,79.05,79.04,78,46
Germany 1. Bundesliga,"2008/2009",Borussia Mönchengladbach,73.12,,31,
Germany 1. Bundesliga,"2009/2010",Borussia Mönchengladbach,73.67,73.12,39,31
Germany 1. Bundesliga,"2010/2011",Borussia Mönchengladbach,72.91,73.67,36,39
Germany 1. Bundesliga,"2011/2012",Borussia Mönchengladbach,74.14,72.91,60,36
Germany 1. Bundesliga,"2012/2013",Borussia Mönchengladbach,74.96,74.14,47,60
Germany 1. Bundesliga,"2013/2014",Borussia Mönchengladbach,75.24,74.96,55,47
Germany 1. Bundesliga,"2014/2015",Borussia Mönchengladbach,76.4,75.24,66,55
Germany 1. Bundesliga,"2015/2016",Borussia Mönchengladbach,75.23,76.4,55,66
Germany 1. Bundesliga,"2008/2009",DSC Arminia Bielefeld,71.57,,28,
Germany 1. Bundesliga,"2013/2014",Eintracht Braunschweig,71.04,,25,
Germany 1. Bundesliga,"2008/2009",Eintracht Frankfurt,72.58,,33,
Germany 1. Bundesliga,"2009/2010",Eintracht Frankfurt,73.5,72.58,46,33
Germany 1. Bundesliga,"2010/2011",Eintracht Frankfurt,73.47,73.5,34,46
Germany 1. Bundesliga,"2012/2013",Eintracht Frankfurt,74.02,73.47,51,34
Germany 1. Bundesliga,"2013/2014",Eintracht Frankfurt,74.52,74.02,36,51
Germany 1. Bundesliga,"2014/2015",Eintracht Frankfurt,74.32,74.52,43,36
Germany 1. Bundesliga,"2015/2016",Eintracht Frankfurt,74.35,74.32,36,43
Germany 1. Bundesliga,"2011/2012",FC Augsburg,70.74,,38,
Germany 1. Bundesliga,"2012/2013",FC Augsburg,71.61,70.74,33,38
Germany 1. Bundesliga,"2013/2014",FC Augsburg,72.17,71.61,52,33
Germany 1. Bundesliga,"2014/2015",FC Augsburg,73.69,72.17,49,52
Germany 1. Bundesliga,"2015/2016",FC Augsburg,74,73.69,38,49
Germany 1. Bundesliga,"2008/2009",FC Bayern Munich,79.52,,67,
Germany 1. Bundesliga,"2009/2010",FC Bayern Munich,78.39,79.52,70,67
Germany 1. Bundesliga,"2010/2011",FC Bayern Munich,78.9,78.39,65,70
Germany 1. Bundesliga,"2011/2012",FC Bayern Munich,80.21,78.9,73,65
Germany 1. Bundesliga,"2012/2013",FC Bayern Munich,80.33,80.21,91,73
Germany 1. Bundesliga,"2013/2014",FC Bayern Munich,80.83,80.33,90,91
Germany 1. Bundesliga,"2014/2015",FC Bayern Munich,80.72,80.83,79,90
Germany 1. Bundesliga,"2015/2016",FC Bayern Munich,81.11,80.72,88,79
Germany 1. Bundesliga,"2008/2009",FC Energie Cottbus,71.09,,30,
Germany 1. Bundesliga,"2015/2016",FC Ingolstadt 04,71.82,,40,
Germany 1. Bundesliga,"2008/2009",FC Schalke 04,77.64,,50,
Germany 1. Bundesliga,"2009/2010",FC Schalke 04,76.46,77.64,65,50
Germany 1. Bundesliga,"2010/2011",FC Schalke 04,76.15,76.46,40,65
Germany 1. Bundesliga,"2011/2012",FC Schalke 04,75.4,76.15,64,40
Germany 1. Bundesliga,"2012/2013",FC Schalke 04,76.31,75.4,55,64
Germany 1. Bundesliga,"2013/2014",FC Schalke 04,75.25,76.31,64,55
Germany 1. Bundesliga,"2014/2015",FC Schalke 04,75.35,75.25,48,64
Germany 1. Bundesliga,"2015/2016",FC Schalke 04,75.93,75.35,52,48
Germany 1. Bundesliga,"2010/2011",FC St. Pauli,70.33,,29,
Germany 1. Bundesliga,"2012/2013",Fortuna Düsseldorf,70.73,,30,
Germany 1. Bundesliga,"2008/2009",Hamburger SV,76.17,,61,
Germany 1. Bundesliga,"2009/2010",Hamburger SV,76.44,76.17,52,61
Germany 1. Bundesliga,"2010/2011",Hamburger SV,76.08,76.44,45,52
Germany 1. Bundesliga,"2011/2012",Hamburger SV,74.69,76.08,36,45
Germany 1. Bundesliga,"2012/2013",Hamburger SV,75.34,74.69,48,36
Germany 1. Bundesliga,"2013/2014",Hamburger SV,74.69,75.34,27,48
Germany 1. Bundesliga,"2014/2015",Hamburger SV,75.03,74.69,35,27
Germany 1. Bundesliga,"2015/2016",Hamburger SV,74.42,75.03,41,35
Germany 1. Bundesliga,"2008/2009",Hannover 96,73.46,,40,
Germany 1. Bundesliga,"2009/2010",Hannover 96,72.92,73.46,33,40
Germany 1. Bundesliga,"2010/2011",Hannover 96,73.26,72.92,60,33
Germany 1. Bundesliga,"2011/2012",Hannover 96,74.64,73.26,48,60
Germany 1. Bundesliga,"2012/2013",Hannover 96,74.64,74.64,45,48
Germany 1. Bundesliga,"2013/2014",Hannover 96,74.07,74.64,42,45
Germany 1. Bundesliga,"2014/2015",Hannover 96,74.46,74.07,37,42
Germany 1. Bundesliga,"2015/2016",Hannover 96,73.84,74.46,25,37
Germany 1. Bundesliga,"2008/2009",Hertha BSC Berlin,74.79,,63,
Germany 1. Bundesliga,"2009/2010",Hertha BSC Berlin,74.34,74.79,24,63
Germany 1. Bundesliga,"2011/2012",Hertha BSC Berlin,72.62,74.34,31,24
Germany 1. Bundesliga,"2013/2014",Hertha BSC Berlin,73.53,72.62,41,31
Germany 1. Bundesliga,"2014/2015",Hertha BSC Berlin,74.74,73.53,35,41
Germany 1. Bundesliga,"2015/2016",Hertha BSC Berlin,74.66,74.74,50,35
Germany 1. Bundesliga,"2008/2009",Karlsruher SC,71.56,,29,
Germany 1. Bundesliga,"2009/2010",SC Freiburg,71.02,,35,
Germany 1. Bundesliga,"2010/2011",SC Freiburg,71.49,71.02,44,35
Germany 1. Bundesliga,"2011/2012",SC Freiburg,72.06,71.49,40,44
Germany 1. Bundesliga,"2012/2013",SC Freiburg,73.51,72.06,51,40
Germany 1. Bundesliga,"2013/2014",SC Freiburg,72.42,73.51,36,51
Germany 1. Bundesliga,"2014/2015",SC Freiburg,72.73,72.42,34,36
Germany 1. Bundesliga,"2014/2015",SC Paderborn 07,70.53,,31,
Germany 1. Bundesliga,"2015/2016",SV Darmstadt 98,71.4,,38,
Germany 1. Bundesliga,"2008/2009",SV Werder Bremen,76.85,,45,
Germany 1. Bundesliga,"2009/2010",SV Werder Bremen,77.51,76.85,61,45
Germany 1. Bundesliga,"2010/2011",SV Werder Bremen,75.49,77.51,41,61
Germany 1. Bundesliga,"2011/2012",SV Werder Bremen,74.56,75.49,42,41
Germany 1. Bundesliga,"2012/2013",SV Werder Bremen,74.7,74.56,34,42
Germany 1. Bundesliga,"2013/2014",SV Werder Bremen,73.69,74.7,39,34
Germany 1. Bundesliga,"2014/2015",SV Werder Bremen,72.79,73.69,43,39
Germany 1. Bundesliga,"2015/2016",SV Werder Bremen,73.42,72.79,38,43
Germany 1. Bundesliga,"2012/2013",SpVgg Greuther Fürth,70.72,,21,
Germany 1. Bundesliga,"2008/2009",TSG 1899 Hoffenheim,72.34,,55,
Germany 1. Bundesliga,"2009/2010",TSG 1899 Hoffenheim,75.74,72.34,42,55
Germany 1. Bundesliga,"2010/2011",TSG 1899 Hoffenheim,74.17,75.74,43,42
Germany 1. Bundesliga,"2011/2012",TSG 1899 Hoffenheim,74.24,74.17,41,43
Germany 1. Bundesliga,"2012/2013",TSG 1899 Hoffenheim,74.09,74.24,31,41
Germany 1. Bundesliga,"2013/2014",TSG 1899 Hoffenheim,73.52,74.09,44,31
Germany 1. Bundesliga,"2014/2015",TSG 1899 Hoffenheim,74.8,73.52,44,44
Germany 1. Bundesliga,"2015/2016",TSG 1899 Hoffenheim,74.71,74.8,37,44
Germany 1. Bundesliga,"2008/2009",VfB Stuttgart,75.59,,64,
Germany 1. Bundesliga,"2009/2010",VfB Stuttgart,75.56,75.59,55,64
Germany 1. Bundesliga,"2010/2011",VfB Stuttgart,74.65,75.56,42,55
Germany 1. Bundesliga,"2011/2012",VfB Stuttgart,74.99,74.65,53,42
Germany 1. Bundesliga,"2012/2013",VfB Stuttgart,74.72,74.99,43,53
Germany 1. Bundesliga,"2013/2014",VfB Stuttgart,73.85,74.72,32,43
Germany 1. Bundesliga,"2014/2015",VfB Stuttgart,73.54,73.85,36,32
Germany 1. Bundesliga,"2015/2016",VfB Stuttgart,74.3,73.54,33,36
Germany 1. Bundesliga,"2008/2009",VfL Bochum,72.89,,32,
Germany 1. Bundesliga,"2009/2010",VfL Bochum,72.58,72.89,28,32
Germany 1. Bundesliga,"2008/2009",VfL Wolfsburg,75.87,,69,
Germany 1. Bundesliga,"2009/2010",VfL Wolfsburg,76.77,75.87,50,69
Germany 1. Bundesliga,"2010/2011",VfL Wolfsburg,76.48,76.77,38,50
Germany 1. Bundesliga,"2011/2012",VfL Wolfsburg,75.03,76.48,44,38
Germany 1. Bundesliga,"2012/2013",VfL Wolfsburg,75.72,75.03,43,44
Germany 1. Bundesliga,"2013/2014",VfL Wolfsburg,75.55,75.72,60,43
Germany 1. Bundesliga,"2014/2015",VfL Wolfsburg,77.43,75.55,69,60
Germany 1. Bundesliga,"2015/2016",VfL Wolfsburg,77.76,77.43,45,69
Italy Serie A,"2008/2009",Atalanta,74.21,,47,
Italy Serie A,"2009/2010",Atalanta,73.92,74.21,35,47
Italy Serie A,"2011/2012",Atalanta,73.89,73.92,50,35
Italy Serie A,"2012/2013",Atalanta,74.6,73.89,42,50
Italy Serie A,"2013/2014",Atalanta,74.53,74.6,50,42
Italy Serie A,"2014/2015",Atalanta,73.02,74.53,37,50
Italy Serie A,"2015/2016",Atalanta,73.69,73.02,45,37
Italy Serie A,"2009/2010",Bari,73.07,,50,
Italy Serie A,"2010/2011",Bari,72.44,73.07,24,50
Italy Serie A,"2008/2009",Bologna,71.51,,37,
Italy Serie A,"2009/2010",Bologna,72.55,71.51,42,37
Italy Serie A,"2010/2011",Bologna,72.71,72.55,45,42
Italy Serie A,"2011/2012",Bologna,73.86,72.71,44,45
Italy Serie A,"2012/2013",Bologna,74.41,73.86,44,44
Italy Serie A,"2013/2014",Bologna,73.46,74.41,29,44
Italy Serie A,"2015/2016",Bologna,72.53,73.46,42,29
Italy Serie A,"2010/2011",Brescia,72.72,,32,
Italy Serie A,"2008/2009",Cagliari,74.43,,53,
Italy Serie A,"2009/2010",Cagliari,74.81,74.43,44,53
Italy Serie A,"2010/2011",Cagliari,73.58,74.81,45,44
Italy Serie A,"2011/2012",Cagliari,74.95,73.58,40,45
Italy Serie A,"2012/2013",Cagliari,75.03,74.95,47,40
Italy Serie A,"2013/2014",Cagliari,74.37,75.03,39,47
Italy Serie A,"2014/2015",Cagliari,72.81,74.37,34,39
Italy Serie A,"2015/2016",Carpi,71.3,,38,
Italy Serie A,"2008/2009",Catania,73.43,,43,
Italy Serie A,"2009/2010",Catania,74.07,73.43,45,43
Italy Serie A,"2010/2011",Catania,74.1,74.07,46,45
Italy Serie A,"2011/2012",Catania,74.32,74.1,42,46
Italy Serie A,"2012/2013",Catania,74.88,74.32,56,42
Italy Serie A,"2013/2014",Catania,73.27,74.88,32,56
Italy Serie A,"2010/2011",Cesena,72.22,,43,
Italy Serie A,"2011/2012",Cesena,73.8,72.22,20,43
Italy Serie A,"2014/2015",Cesena,70.17,73.8,24,20
Italy Serie A,"2008/2009",Chievo Verona,73.02,,38,
Italy Serie A,"2009/2010",Chievo Verona,73.45,73.02,44,38
Italy Serie A,"2010/2011",Chievo Verona,73.74,73.45,46,44
Italy Serie A,"2011/2012",Chievo Verona,74.15,73.74,46,46
Italy Serie A,"2012/2013",Chievo Verona,74.43,74.15,45,46
Italy Serie A,"2013/2014",Chievo Verona,73.57,74.43,36,45
Italy Serie A,"2014/2015",Chievo Verona,73.48,73.57,43,36
Italy Serie A,"2015/2016",Chievo Verona,73.6,73.48,50,43
Italy Serie A,"2014/2015",Empoli,71.91,,42,
Italy Serie A,"2015/2016",Empoli,72.71,71.91,46,42
Italy Serie A,"2008/2009",Fiorentina,78.67,,68,
Italy Serie A,"2009/2010",Fiorentina,77.72,78.67,47,68
Italy Serie A,"2010/2011",Fiorentina,76.38,77.72,51,47
Italy Serie A,"2011/2012",Fiorentina,76.12,76.38,42,51
Italy Serie A,"2012/2013",Fiorentina,77.83,76.12,70,42
Italy Serie A,"2013/2014",Fiorentina,77.64,77.83,65,70
Italy Serie A,"2014/2015",Fiorentina,76.29,77.64,64,65
Italy Serie A,"2015/2016",Fiorentina,75.8,76.29,64,64
Italy Serie A,"2015/2016",Frosinone,69.13,,31,
Italy Serie A,"2008/2009",Genoa,75.93,,68,
Italy Serie A,"2009/2010",Genoa,76.07,75.93,51,68
Italy Serie A,"2010/2011",Genoa,76.06,76.07,51,51
Italy Serie A,"2011/2012",Genoa,75.79,76.06,40,51
Italy Serie A,"2012/2013",Genoa,74.65,75.79,38,40
Italy Serie A,"2013/2014",Genoa,73.74,74.65,44,38
Italy Serie A,"2014/2015",Genoa,74.16,73.74,59,44
Italy Serie A,"2015/2016",Genoa,73.75,74.16,46,59
Italy Serie A,"2013/2014",Hellas Verona,72.54,,54,
Italy Serie A,"2014/2015",Hellas Verona,72.45,72.54,46,54
Italy Serie A,"2015/2016",Hellas Verona,72.2,72.45,28,46
Italy Serie A,"2008/2009",Inter,81.31,,84,
Italy Serie A,"2009/2010",Inter,81.79,81.31,82,84
Italy Serie A,"2010/2011",Inter,80.58,81.79,76,82
Italy Serie A,"2011/2012",Inter,80.03,80.58,57,76
Italy Serie A,"2012/2013",Inter,78.06,80.03,54,57
Italy Serie A,"2013/2014",Inter,77.52,78.06,60,54
Italy Serie A,"2014/2015",Inter,76.65,77.52,55,60
Italy Serie A,"2015/2016",Inter,77.49,76.65,67,55
Italy Serie A,"2008/2009",Juventus,79.56,,74,
Italy Serie A,"2009/2010",Juventus,79.4,79.56,55,74
Italy Serie A,"2010/2011",Juventus,78.13,79.4,58,55
Italy Serie A,"2011/2012",Juventus,79.72,78.13,79,58
Italy Serie A,"2012/2013",Juventus,79.94,79.72,87,79
Italy Serie A,"2013/2014",Juventus,80.57,79.94,102,87
Italy Serie A,"2014/2015",Juventus,79.84,80.57,87,102
Italy Serie A,"2015/2016",Juventus,79.8,79.84,91,87
Italy Serie A,"2008/2009",Lazio,76.06,,50,
Italy Serie A,"2009/2010",Lazio,75.89,76.06,46,50
Italy Serie A,"2010/2011",Lazio,76.31,75.89,66,46
Italy Serie A,"2011/2012",Lazio,76.94,76.31,59,66
Italy Serie A,"2012/2013",Lazio,78.3,76.94,61,59
Italy Serie A,"2013/2014",Lazio,77.15,78.3,56,61
Italy Serie A,"2014/2015",Lazio,77.16,77.15,66,56
Italy Serie A,"2015/2016",Lazio,76.18,77.16,54,66
Italy Serie A,"2008/2009",Lecce,71.44,,30,
Italy Serie A,"2010/2011",Lecce,71.18,71.44,41,30
Italy Serie A,"2011/2012",Lecce,72.16,71.18,34,41
Italy Serie A,"2009/2010",Livorno,71.67,,29,
Italy Serie A,"2013/2014",Livorno,71.59,71.67,25,29
Italy Serie A,"2008/2009",Milan,79.8,,74,
Italy Serie A,"2009/2010",Milan,79.07,79.8,70,74
Italy Serie A,"2010/2011",Milan,79.26,79.07,82,70
Italy Serie A,"2011/2012",Milan,79.44,79.26,77,82
Italy Serie A,"2012/2013",Milan,78.51,79.44,72,77
Italy Serie A,"2013/2014",Milan,77.75,78.51,57,72
Italy Serie A,"2014/2015",Milan,77.32,77.75,52,57
Italy Serie A,"2015/2016",Milan,76.75,77.32,57,52
Italy Serie A,"2008/2009",Napoli,75.2,,46,
Italy Serie A,"2009/2010",Napoli,76.73,75.2,59,46
Italy Serie A,"2010/2011",Napoli,77.24,76.73,70,59
Italy Serie A,"2011/2012",Napoli,78.49,77.24,60,70
Italy Serie A,"2012/2013",Napoli,78.51,78.49,78,60
Italy Serie A,"2013/2014",Napoli,77.71,78.51,78,78
Italy Serie A,"2014/2015",Napoli,76.67,77.71,63,78
Italy Serie A,"2015/2016",Napoli,78.25,76.67,82,63
Italy Serie A,"2011/2012",Novara,71.29,,29,
Italy Serie A,"2008/2009",Palermo,75.29,,57,
Italy Serie A,"2009/2010",Palermo,75.92,75.29,65,57
Italy Serie A,"2010/2011",Palermo,75.79,75.92,56,65
Italy Serie A,"2011/2012",Palermo,75.1,75.79,43,56
Italy Serie A,"2012/2013",Palermo,73.78,75.1,32,43
Italy Serie A,"2014/2015",Palermo,72.41,73.78,49,32
Italy Serie A,"2015/2016",Palermo,72.59,72.41,39,49
Italy Serie A,"2009/2010",Parma,74.19,,52,
Italy Serie A,"2010/2011",Parma,74.57,74.19,46,52
Italy Serie A,"2011/2012",Parma,74.88,74.57,54,46
Italy Serie A,"2012/2013",Parma,74.69,74.88,49,54
Italy Serie A,"2013/2014",Parma,75.48,74.69,58,49
Italy Serie A,"2014/2015",Parma,72.57,75.48,26,58
Italy Serie A,"2012/2013",Pescara,71.08,,22,
Italy Serie A,"2008/2009",Reggio Calabria,71.8,,31,
Italy Serie A,"2008/2009",Roma,79.18,,63,
Italy Serie A,"2009/2010",Roma,78.68,79.18,80,63
Italy Serie A,"2010/2011",Roma,77.99,78.68,63,80
Italy Serie A,"2011/2012",Roma,77.01,77.99,56,63
Italy Serie A,"2012/2013",Roma,76.64,77.01,62,56
Italy Serie A,"2013/2014",Roma,78.37,76.64,85,62
Italy Serie A,"2014/2015",Roma,78.03,78.37,70,85
Italy Serie A,"2015/2016",Roma,77.58,78.03,80,70
Italy Serie A,"2008/2009",Sampdoria,76.23,,46,
Italy Serie A,"2009/2010",Sampdoria,76.31,76.23,67,46
Italy Serie A,"2010/2011",Sampdoria,74.98,76.31,36,67
Italy Serie A,"2012/2013",Sampdoria,73.98,74.98,43,36
Italy Serie A,"2013/2014",Sampdoria,74.05,73.98,45,43
Italy Serie A,"2014/2015",Sampdoria,74.29,74.05,56,45
Italy Serie A,"2015/2016",Sampdoria,74.68,74.29,40,56
Italy Serie A,"2013/2014",Sassuolo,71.83,,34,
Italy Serie A,"2014/2015",Sassuolo,73.43,71.83,49,34
Italy Serie A,"2015/2016",Sassuolo,73.65,73.43,61,49
Italy Serie A,"2008/2009",Siena,73.65,,44,
Italy Serie A,"2009/2010",Siena,72.52,73.65,31,44
Italy Serie A,"2011/2012",Siena,71.76,72.52,38,31
Italy Serie A,"2012/2013",Siena,71.79,71.76,36,38
Italy Serie A,"2008/2009",Torino,73.62,,34,
Italy Serie A,"2012/2013",Torino,74.98,73.62,40,34
Italy Serie A,"2013/2014",Torino,74.9,74.98,57,40
Italy Serie A,"2014/2015",Torino,74.33,74.9,54,57
Italy Serie A,"2015/2016",Torino,75.22,74.33,45,54
Italy Serie A,"2008/2009",Udinese,76.59,,58,
Italy Serie A,"2009/2010",Udinese,76.47,76.59,44,58
Italy Serie A,"2010/2011",Udinese,76.35,76.47,66,44
Italy Serie A,"2011/2012",Udinese,76.57,76.35,63,66
Italy Serie A,"2012/2013",Udinese,76.45,76.57,66,63
Italy Serie A,"2013/2014",Udinese,75.44,76.45,44,66
Italy Serie A,"2014/2015",Udinese,74.4,75.44,41,44
Italy Serie A,"2015/2016",Udinese,74.25,74.4,39,41
Netherlands Eredivisie,"2008/2009",ADO Den Haag,65.76,,32,
Netherlands Eredivisie,"2009/2010",ADO Den Haag,65.95,65.76,30,32
Netherlands Eredivisie,"2010/2011",ADO Den Haag,67.33,65.95,54,30
Netherlands Eredivisie,"2011/2012",ADO Den Haag,67.7,67.33,32,54
Netherlands Eredivisie,"2012/2013",ADO Den Haag,68.13,67.7,40,32
Netherlands Eredivisie,"2013/2014",ADO Den Haag,67.54,68.13,43,40
Netherlands Eredivisie,"2014/2015",ADO Den Haag,68.45,67.54,37,43
Netherlands Eredivisie,"2015/2016",ADO Den Haag,69.13,68.45,43,37
Netherlands Eredivisie,"2008/2009",AZ,72,,80,
Netherlands Eredivisie,"2009/2010",AZ,72.55,72,62,80
Netherlands Eredivisie,"2010/2011",AZ,70.67,72.55,59,62
Netherlands Eredivisie,"2011/2012",AZ,70.91,70.67,65,59
Netherlands Eredivisie,"2012/2013",AZ,71,70.91,39,65
Netherlands Eredivisie,"2013/2014",AZ,70.6,71,47,39
Netherlands Eredivisie,"2014/2015",AZ,69.33,70.6,62,47
Netherlands Eredivisie,"2015/2016",AZ,69.79,69.33,59,62
Netherlands Eredivisie,"2008/2009",Ajax,73.09,,68,
Netherlands Eredivisie,"2009/2010",Ajax,73.49,73.09,85,68
Netherlands Eredivisie,"2010/2011",Ajax,73.67,73.49,73,85
Netherlands Eredivisie,"2011/2012",Ajax,72.89,73.67,76,73
Netherlands Eredivisie,"2012/2013",Ajax,73.9,72.89,76,76
Netherlands Eredivisie,"2013/2014",Ajax,73.13,73.9,71,76
Netherlands Eredivisie,"2014/2015",Ajax,73.32,73.13,71,71
Netherlands Eredivisie,"2015/2016",Ajax,73.78,73.32,82,71
Netherlands Eredivisie,"2008/2009",De Graafschap,69.55,,30,
Netherlands Eredivisie,"2010/2011",De Graafschap,66.61,69.55,38,30
Netherlands Eredivisie,"2011/2012",De Graafschap,66.42,66.61,24,38
Netherlands Eredivisie,"2015/2016",De Graafschap,67.64,66.42,23,24
Netherlands Eredivisie,"2010/2011",Excelsior,66.41,,35,
Netherlands Eredivisie,"2011/2012",Excelsior,65.38,66.41,19,35
Netherlands Eredivisie,"2014/2015",Excelsior,66.9,65.38,32,19
Netherlands Eredivisie,"2015/2016",Excelsior,67.42,66.9,30,32
Netherlands Eredivisie,"2014/2015",FC Dordrecht,66.1,,20,
Netherlands Eredivisie,"2008/2009",FC Groningen,70.7,,56,
Netherlands Eredivisie,"2009/2010",FC Groningen,69.94,70.7,49,56
Netherlands Eredivisie,"2010/2011",FC Groningen,69.89,69.94,57,49
Netherlands Eredivisie,"2011/2012",FC Groningen,69.09,69.89,37,57
Netherlands Eredivisie,"2012/2013",FC Groningen,68.51,69.09,43,37
Netherlands Eredivisie,"2013/2014",FC Groningen,67.57,68.51,51,43
Netherlands Eredivisie,"2014/2015",FC Groningen,68.85,67.57,46,51
Netherlands Eredivisie,"2015/2016",FC Groningen,69.55,68.85,50,46
Netherlands Eredivisie,"2008/2009",FC Twente,72.72,,69,
Netherlands Eredivisie,"2009/2010",FC Twente,72.62,72.72,86,69
Netherlands Eredivisie,"2010/2011",FC Twente,72.7,72.62,71,86
Netherlands Eredivisie,"2011/2012",FC Twente,72.36,72.7,60,71
Netherlands Eredivisie,"2012/2013",FC Twente,72.61,72.36,62,60
Netherlands Eredivisie,"2013/2014",FC Twente,71.12,72.61,63,62
Netherlands Eredivisie,"2014/2015",FC Twente,70.44,71.12,49,63
Netherlands Eredivisie,"2015/2016",FC Twente,68.1,70.44,43,49
Netherlands Eredivisie,"2008/2009",FC Utrecht,70,,44,
Netherlands Eredivisie,"2009/2010",FC Utrecht,69.44,70,53,44
Netherlands Eredivisie,"2010/2011",FC Utrecht,70.55,69.44,47,53
Netherlands Eredivisie,"2011/2012",FC Utrecht,67.6,70.55,43,47
Netherlands Eredivisie,"2012/2013",FC Utrecht,69.01,67.6,63,43
Netherlands Eredivisie,"2013/2014",FC Utrecht,69.04,69.01,41,63
Netherlands Eredivisie,"2014/2015",FC Utrecht,68.65,69.04,41,41
Netherlands Eredivisie,"2015/2016",FC Utrecht,68.25,68.65,53,41
Netherlands Eredivisie,"2008/2009",FC Volendam,68.48,,29,
Netherlands Eredivisie,"2008/2009",Feyenoord,70.68,,45,
Netherlands Eredivisie,"2009/2010",Feyenoord,70.81,70.68,63,45
Netherlands Eredivisie,"2010/2011",Feyenoord,69.41,70.81,44,63
Netherlands Eredivisie,"2011/2012",Feyenoord,69.35,69.41,70,44
Netherlands Eredivisie,"2012/2013",Feyenoord,72.42,69.35,69,70
Netherlands Eredivisie,"2013/2014",Feyenoord,72.52,72.42,67,69
Netherlands Eredivisie,"2014/2015",Feyenoord,71.68,72.52,59,67
Netherlands Eredivisie,"2015/2016",Feyenoord,73.21,71.68,63,59
Netherlands Eredivisie,"2013/2014",Go Ahead Eagles,66.67,,38,
Netherlands Eredivisie,"2014/2015",Go Ahead Eagles,66.75,66.67,27,38
Netherlands Eredivisie,"2008/2009",Heracles Almelo,67.65,,32,
Netherlands Eredivisie,"2009/2010",Heracles Almelo,67.93,67.65,56,32
Netherlands Eredivisie,"2010/2011",Heracles Almelo,68.25,67.93,49,56
Netherlands Eredivisie,"2011/2012",Heracles Almelo,68.23,68.25,40,49
Netherlands Eredivisie,"2012/2013",Heracles Almelo,68.28,68.23,38,40
Netherlands Eredivisie,"2013/2014",Heracles Almelo,67.83,68.28,37,38
Netherlands Eredivisie,"2014/2015",Heracles Almelo,67.54,67.83,37,37
Netherlands Eredivisie,"2015/2016",Heracles Almelo,68.33,67.54,51,37
Netherlands Eredivisie,"2008/2009",N.E.C.,68.52,,42,
Netherlands Eredivisie,"2009/2010",N.E.C.,68,68.52,33,42
Netherlands Eredivisie,"2010/2011",N.E.C.,68.28,68,43,33
Netherlands Eredivisie,"2011/2012",N.E.C.,68.44,68.28,45,43
Netherlands Eredivisie,"2012/2013",N.E.C.,67.72,68.44,37,45
Netherlands Eredivisie,"2013/2014",N.E.C.,67.66,67.72,30,37
Netherlands Eredivisie,"2015/2016",N.E.C.,68.26,67.66,46,30
Netherlands Eredivisie,"2008/2009",NAC Breda,69.06,,45,
Netherlands Eredivisie,"2009/2010",NAC Breda,69.66,69.06,46,45
Netherlands Eredivisie,"2010/2011",NAC Breda,68.72,69.66,41,46
Netherlands Eredivisie,"2011/2012",NAC Breda,67.71,68.72,38,41
Netherlands Eredivisie,"2012/2013",NAC Breda,67.73,67.71,38,38
Netherlands Eredivisie,"2013/2014",NAC Breda,67.28,67.73,35,38
Netherlands Eredivisie,"2014/2015",NAC Breda,67.47,67.28,28,35
Netherlands Eredivisie,"2012/2013",PEC Zwolle,67.44,,39,
Netherlands Eredivisie,"2013/2014",PEC Zwolle,67.8,67.44,40,39
Netherlands Eredivisie,"2014/2015",PEC Zwolle,68.6,67.8,53,40
Netherlands Eredivisie,"2015/2016",PEC Zwolle,68.01,68.6,48,53
Netherlands Eredivisie,"2008/2009",PSV,74.01,,65,
Netherlands Eredivisie,"2009/2010",PSV,73.96,74.01,78,65
Netherlands Eredivisie,"2010/2011",PSV,73.64,73.96,69,78
Netherlands Eredivisie,"2011/2012",PSV,73.26,73.64,69,69
Netherlands Eredivisie,"2012/2013",PSV,73.84,73.26,69,69
Netherlands Eredivisie,"2013/2014",PSV,72.19,73.84,59,69
Netherlands Eredivisie,"2014/2015",PSV,73.79,72.19,88,59
Netherlands Eredivisie,"2015/2016",PSV,74.15,73.79,84,88
Netherlands Eredivisie,"2009/2010",RKC Waalwijk,66.11,,15,
Netherlands Eredivisie,"2011/2012",RKC Waalwijk,66.39,66.11,45,15
Netherlands Eredivisie,"2012/2013",RKC Waalwijk,68.08,66.39,37,45
Netherlands Eredivisie,"2013/2014",RKC Waalwijk,66.73,68.08,32,37
Netherlands Eredivisie,"2008/2009",Roda JC Kerkrade,68.28,,30,
Netherlands Eredivisie,"2009/2010",Roda JC Kerkrade,68.2,68.28,47,30
Netherlands Eredivisie,"2010/2011",Roda JC Kerkrade,68.77,68.2,55,47
Netherlands Eredivisie,"2011/2012",Roda JC Kerkrade,68.42,68.77,44,55
Netherlands Eredivisie,"2012/2013",Roda JC Kerkrade,67.76,68.42,33,44
Netherlands Eredivisie,"2013/2014",Roda JC Kerkrade,67.46,67.76,29,33
Netherlands Eredivisie,"2015/2016",Roda JC Kerkrade,67.72,67.46,34,29
Netherlands Eredivisie,"2013/2014",SC Cambuur,66.82,,39,
Netherlands Eredivisie,"2014/2015",SC Cambuur,66.8,66.82,41,39
Netherlands Eredivisie,"2015/2016",SC Cambuur,66.56,66.8,18,41
Netherlands Eredivisie,"2008/2009",SC Heerenveen,70.42,,60,
Netherlands Eredivisie,"2009/2010",SC Heerenveen,69.75,70.42,37,60
Netherlands Eredivisie,"2010/2011",SC Heerenveen,69.08,69.75,41,37
Netherlands Eredivisie,"2011/2012",SC Heerenveen,69.52,69.08,64,41
Netherlands Eredivisie,"2012/2013",SC Heerenveen,70.09,69.52,42,64
Netherlands Eredivisie,"2013/2014",SC Heerenveen,69.12,70.09,57,42
Netherlands Eredivisie,"2014/2015",SC Heerenveen,68.02,69.12,50,57
Netherlands Eredivisie,"2015/2016",SC Heerenveen,68.94,68.02,42,50
Netherlands Eredivisie,"2008/2009",Sparta Rotterdam,65.8,,35,
Netherlands Eredivisie,"2009/2010",Sparta Rotterdam,66.61,65.8,26,35
Netherlands Eredivisie,"2009/2010",VVV-Venlo,67.23,,35,
Netherlands Eredivisie,"2010/2011",VVV-Venlo,66.87,67.23,21,35
Netherlands Eredivisie,"2011/2012",VVV-Venlo,66.64,66.87,31,21
Netherlands Eredivisie,"2012/2013",VVV-Venlo,66.49,66.64,28,31
Netherlands Eredivisie,"2008/2009",Vitesse,67.29,,43,
Netherlands Eredivisie,"2009/2010",Vitesse,68.18,67.29,32,43
Netherlands Eredivisie,"2010/2011",Vitesse,67.98,68.18,35,32
Netherlands Eredivisie,"2011/2012",Vitesse,69.61,67.98,53,35
Netherlands Eredivisie,"2012/2013",Vitesse,72.08,69.61,64,53
Netherlands Eredivisie,"2013/2014",Vitesse,71.56,72.08,55,64
Netherlands Eredivisie,"2014/2015",Vitesse,70.54,71.56,58,55
Netherlands Eredivisie,"2015/2016",Vitesse,69.05,70.54,46,58
Netherlands Eredivisie,"2008/2009",Willem II,68.64,,37,
Netherlands Eredivisie,"2009/2010",Willem II,67.4,68.64,23,37
Netherlands Eredivisie,"2010/2011",Willem II,66.15,67.4,15,23
Netherlands Eredivisie,"2012/2013",Willem II,65.92,66.15,23,15
Netherlands Eredivisie,"2014/2015",Willem II,67.72,65.92,46,23
Netherlands Eredivisie,"2015/2016",Willem II,68.04,67.72,29,46
Poland Ekstraklasa,"2010/2011",Cracovia,68.32,,29,
Poland Ekstraklasa,"2011/2012",Cracovia,68.77,68.32,22,29
Poland Ekstraklasa,"2013/2014",Cracovia,62.31,68.77,39,22
Poland Ekstraklasa,"2014/2015",Cracovia,61.79,62.31,37,39
Poland Ekstraklasa,"2015/2016",Cracovia,63.02,61.79,45,37
Poland Ekstraklasa,"2012/2013",GKS Bełchatów,64.36,,31,
Poland Ekstraklasa,"2014/2015",GKS Bełchatów,62.36,64.36,31,31
Poland Ekstraklasa,"2014/2015",Górnik Łęczna,61.28,,34,
Poland Ekstraklasa,"2015/2016",Górnik Łęczna,60.72,61.28,31,34
Poland Ekstraklasa,"2010/2011",Jagiellonia Białystok,64.29,,48,
Poland Ekstraklasa,"2011/2012",Jagiellonia Białystok,64.05,64.29,39,48
Poland Ekstraklasa,"2012/2013",Jagiellonia Białystok,64.3,64.05,37,39
Poland Ekstraklasa,"2013/2014",Jagiellonia Białystok,62.3,64.3,39,37
Poland Ekstraklasa,"2014/2015",Jagiellonia Białystok,62.86,62.3,49,39
Poland Ekstraklasa,"2015/2016",Jagiellonia Białystok,63.81,62.86,35,49
Poland Ekstraklasa,"2011/2012",Korona Kielce,66.41,,48,
Poland Ekstraklasa,"2012/2013",Korona Kielce,63.48,66.41,36,48
Poland Ekstraklasa,"2013/2014",Korona Kielce,62.74,63.48,37,36
Poland Ekstraklasa,"2014/2015",Korona Kielce,62.01,62.74,39,37
Poland Ekstraklasa,"2015/2016",Korona Kielce,62.89,62.01,37,39
Poland Ekstraklasa,"2010/2011",Lech Poznań,67.77,,45,
Poland Ekstraklasa,"2011/2012",Lech Poznań,68.19,67.77,52,45
Poland Ekstraklasa,"2012/2013",Lech Poznań,65.8,68.19,61,52
Poland Ekstraklasa,"2013/2014",Lech Poznań,65.67,65.8,53,61
Poland Ekstraklasa,"2014/2015",Lech Poznań,65.66,65.67,54,53
Poland Ekstraklasa,"2015/2016",Lech Poznań,67.58,65.66,43,54
Poland Ekstraklasa,"2011/2012",Lechia Gdańsk,69.05,,31,
Poland Ekstraklasa,"2012/2013",Lechia Gdańsk,64.93,69.05,38,31
Poland Ekstraklasa,"2013/2014",Lechia Gdańsk,62.52,64.93,40,38
Poland Ekstraklasa,"2014/2015",Lechia Gdańsk,64.29,62.52,41,40
Poland Ekstraklasa,"2015/2016",Lechia Gdańsk,65.52,64.29,39,41
Poland Ekstraklasa,"2011/2012",Legia Warszawa,67.59,,53,
Poland Ekstraklasa,"2012/2013",Legia Warszawa,67.09,67.59,67,53
Poland Ekstraklasa,"2013/2014",Legia Warszawa,66.42,67.09,63,67
Poland Ekstraklasa,"2014/2015",Legia Warszawa,66.21,66.42,56,63
Poland Ekstraklasa,"2015/2016",Legia Warszawa,67.49,66.21,60,56
Poland Ekstraklasa,"2011/2012",P. Warszawa,63.8,,45,
Poland Ekstraklasa,"2012/2013",P. Warszawa,65.96,63.8,42,45
Poland Ekstraklasa,"2012/2013",Piast Gliwice,64.6,,46,
Poland Ekstraklasa,"2013/2014",Piast Gliwice,62.66,64.6,34,46
Poland Ekstraklasa,"2014/2015",Piast Gliwice,62.28,62.66,39,34
Poland Ekstraklasa,"2015/2016",Piast Gliwice,64.01,62.28,58,39
Poland Ekstraklasa,"2012/2013",Podbeskidzie Bielsko-Biała,62.6,,32,
Poland Ekstraklasa,"2013/2014",Podbeskidzie Bielsko-Biała,61.58,62.6,31,32
Poland Ekstraklasa,"2014/2015",Podbeskidzie Bielsko-Biała,61.76,61.58,39,31
Poland Ekstraklasa,"2015/2016",Podbeskidzie Bielsko-Biała,62.5,61.76,38,39
Poland Ekstraklasa,"2012/2013",Pogoń Szczecin,66.89,,35,
Poland Ekstraklasa,"2013/2014",Pogoń Szczecin,63.73,66.89,47,35
Poland Ekstraklasa,"2014/2015",Pogoń Szczecin,63.87,63.73,41,47
Poland Ekstraklasa,"2015/2016",Pogoń Szczecin,64.86,63.87,46,41
Poland Ekstraklasa,"2012/2013",Polonia Bytom,64.79,,43,
Poland Ekstraklasa,"2013/2014",Polonia Bytom,63.46,64.79,42,43
Poland Ekstraklasa,"2014/2015",Polonia Bytom,63.89,63.46,43,42
Poland Ekstraklasa,"2015/2016",Polonia Bytom,63.58,63.89,26,43
Poland Ekstraklasa,"2011/2012",Ruch Chorzów,67.71,,55,
Poland Ekstraklasa,"2012/2013",Ruch Chorzów,63.74,67.71,31,55
Poland Ekstraklasa,"2013/2014",Ruch Chorzów,62.12,63.74,50,31
Poland Ekstraklasa,"2014/2015",Ruch Chorzów,62.83,62.12,33,50
Poland Ekstraklasa,"2015/2016",Ruch Chorzów,62.5,62.83,39,33
Poland Ekstraklasa,"2015/2016",Termalica Bruk-Bet Nieciecza,62.51,,33,
Poland Ekstraklasa,"2011/2012",Widzew Łódź,66.27,,39,
Poland Ekstraklasa,"2012/2013",Widzew Łódź,64.37,66.27,33,39
Poland Ekstraklasa,"2013/2014",Widzew Łódź,62.61,64.37,22,33
Poland Ekstraklasa,"2010/2011",Wisła Kraków,68.84,,56,
Poland Ekstraklasa,"2011/2012",Wisła Kraków,67.76,68.84,43,56
Poland Ekstraklasa,"2012/2013",Wisła Kraków,62.18,67.76,38,43
Poland Ekstraklasa,"2013/2014",Wisła Kraków,63.92,62.18,45,38
Poland Ekstraklasa,"2014/2015",Wisła Kraków,65.23,63.92,43,45
Poland Ekstraklasa,"2015/2016",Wisła Kraków,64.6,65.23,37,43
Poland Ekstraklasa,"2012/2013",Zagłębie Lubin,63.03,,40,
Poland Ekstraklasa,"2013/2014",Zagłębie Lubin,63.48,63.03,29,40
Poland Ekstraklasa,"2015/2016",Zagłębie Lubin,62.85,63.48,45,29
Poland Ekstraklasa,"2013/2014",Zawisza Bydgoszcz,63.51,,42,
Poland Ekstraklasa,"2014/2015",Zawisza Bydgoszcz,63.83,63.51,29,42
Poland Ekstraklasa,"2011/2012",Śląsk Wrocław,69.14,,56,
Poland Ekstraklasa,"2012/2013",Śląsk Wrocław,64.92,69.14,47,56
Poland Ekstraklasa,"2013/2014",Śląsk Wrocław,63.52,64.92,34,47
Poland Ekstraklasa,"2014/2015",Śląsk Wrocław,63.31,63.52,46,34
Poland Ekstraklasa,"2015/2016",Śląsk Wrocław,64.94,63.31,34,46
Portugal Liga ZON Sagres,"2008/2009",Académica de Coimbra,68.96,,39,
Portugal Liga ZON Sagres,"2009/2010",Académica de Coimbra,68.32,68.96,33,39
Portugal Liga ZON Sagres,"2010/2011",Académica de Coimbra,69.16,68.32,30,33
Portugal Liga ZON Sagres,"2011/2012",Académica de Coimbra,68.69,69.16,29,30
Portugal Liga ZON Sagres,"2012/2013",Académica de Coimbra,69.82,68.69,28,29
Portugal Liga ZON Sagres,"2013/2014",Académica de Coimbra,69.56,69.82,37,28
Portugal Liga ZON Sagres,"2014/2015",Académica de Coimbra,69.26,69.56,29,37
Portugal Liga ZON Sagres,"2015/2016",Académica de Coimbra,69.28,69.26,25,29
Portugal Liga ZON Sagres,"2008/2009",Amadora,76.52,,34,
Portugal Liga ZON Sagres,"2014/2015",Boavista FC,68.61,,34,
Portugal Liga ZON Sagres,"2015/2016",Boavista FC,69.11,68.61,33,34
Portugal Liga ZON Sagres,"2008/2009",CD Nacional,69.82,,52,
Portugal Liga ZON Sagres,"2009/2010",CD Nacional,70.33,69.82,39,52
Portugal Liga ZON Sagres,"2010/2011",CD Nacional,70.51,70.33,42,39
Portugal Liga ZON Sagres,"2011/2012",CD Nacional,68.88,70.51,44,42
Portugal Liga ZON Sagres,"2012/2013",CD Nacional,70.16,68.88,40,44
Portugal Liga ZON Sagres,"2013/2014",CD Nacional,70.31,70.16,45,40
Portugal Liga ZON Sagres,"2014/2015",CD Nacional,70.36,70.31,47,45
Portugal Liga ZON Sagres,"2015/2016",CD Nacional,70.18,70.36,38,47
Portugal Liga ZON Sagres,"2008/2009",CF Os Belenenses,71.11,,24,
Portugal Liga ZON Sagres,"2009/2010",CF Os Belenenses,69.37,71.11,23,24
Portugal Liga ZON Sagres,"2013/2014",CF Os Belenenses,68.72,69.37,28,23
Portugal Liga ZON Sagres,"2014/2015",CF Os Belenenses,70.22,68.72,48,28
Portugal Liga ZON Sagres,"2015/2016",CF Os Belenenses,70.98,70.22,41,48
Portugal Liga ZON Sagres,"2008/2009",CS Marítimo,73.29,,37,
Portugal Liga ZON Sagres,"2009/2010",CS Marítimo,70.42,73.29,41,37
Portugal Liga ZON Sagres,"2010/2011",CS Marítimo,70.41,70.42,35,41
Portugal Liga ZON Sagres,"2011/2012",CS Marítimo,69.17,70.41,50,35
Portugal Liga ZON Sagres,"2012/2013",CS Marítimo,70.23,69.17,38,50
Portugal Liga ZON Sagres,"2013/2014",CS Marítimo,69.4,70.23,41,38
Portugal Liga ZON Sagres,"2014/2015",CS Marítimo,69.69,69.4,44,41
Portugal Liga ZON Sagres,"2015/2016",CS Marítimo,69.37,69.69,35,44
Portugal Liga ZON Sagres,"2012/2013",Estoril Praia,70.1,,45,
Portugal Liga ZON Sagres,"2013/2014",Estoril Praia,69.53,70.1,54,45
Portugal Liga ZON Sagres,"2014/2015",Estoril Praia,70.77,69.53,40,54
Portugal Liga ZON Sagres,"2015/2016",Estoril Praia,71.02,70.77,47,40
Portugal Liga ZON Sagres,"2013/2014",FC Arouca,69.02,,31,
Portugal Liga ZON Sagres,"2014/2015",FC Arouca,70,69.02,28,31
Portugal Liga ZON Sagres,"2015/2016",FC Arouca,70.23,70,54,28
Portugal Liga ZON Sagres,"2008/2009",FC Paços de Ferreira,71.78,,34,
Portugal Liga ZON Sagres,"2009/2010",FC Paços de Ferreira,68.26,71.78,35,34
Portugal Liga ZON Sagres,"2010/2011",FC Paços de Ferreira,67.3,68.26,41,35
Portugal Liga ZON Sagres,"2011/2012",FC Paços de Ferreira,68.47,67.3,31,41
Portugal Liga ZON Sagres,"2012/2013",FC Paços de Ferreira,70.44,68.47,54,31
Portugal Liga ZON Sagres,"2013/2014",FC Paços de Ferreira,69.07,70.44,24,54
Portugal Liga ZON Sagres,"2014/2015",FC Paços de Ferreira,69.53,69.07,47,24
Portugal Liga ZON Sagres,"2015/2016",FC Paços de Ferreira,70.04,69.53,49,47
Portugal Liga ZON Sagres,"2014/2015",FC Penafiel,69.36,,22,
Portugal Liga ZON Sagres,"2008/2009",FC Porto,77.16,,70,
Portugal Liga ZON Sagres,"2009/2010",FC Porto,76.69,77.16,68,70
Portugal Liga ZON Sagres,"2010/2011",FC Porto,76.96,76.69,84,68
Portugal Liga ZON Sagres,"2011/2012",FC Porto,77.49,76.96,75,84
Portugal Liga ZON Sagres,"2012/2013",FC Porto,77.47,77.49,78,75
Portugal Liga ZON Sagres,"2013/2014",FC Porto,76.02,77.47,61,78
Portugal Liga ZON Sagres,"2014/2015",FC Porto,76.58,76.02,82,61
Portugal Liga ZON Sagres,"2015/2016",FC Porto,76.69,76.58,73,82
Portugal Liga ZON Sagres,"2011/2012",Feirense,67.16,,24,
Portugal Liga ZON Sagres,"2011/2012",Gil Vicente FC,67.84,,34,
Portugal Liga ZON Sagres,"2012/2013",Gil Vicente FC,68.74,67.84,25,34
Portugal Liga ZON Sagres,"2013/2014",Gil Vicente FC,68.2,68.74,31,25
Portugal Liga ZON Sagres,"2014/2015",Gil Vicente FC,68.6,68.2,23,31
Portugal Liga ZON Sagres,"2008/2009",Leixões SC,70.78,,45,
Portugal Liga ZON Sagres,"2009/2010",Leixões SC,69.47,70.78,21,45
Portugal Liga ZON Sagres,"2012/2013",Moreirense FC,69.88,,24,
Portugal Liga ZON Sagres,"2014/2015",Moreirense FC,70.02,69.88,43,24
Portugal Liga ZON Sagres,"2015/2016",Moreirense FC,70.93,70.02,36,43
Portugal Liga ZON Sagres,"2008/2009",Naval 1° de Maio,68.48,,29,
Portugal Liga ZON Sagres,"2009/2010",Naval 1° de Maio,68.9,68.48,36,29
Portugal Liga ZON Sagres,"2010/2011",Naval 1° de Maio,68.32,68.9,23,36
Portugal Liga ZON Sagres,"2010/2011",Portimonense,68.89,,25,
Portugal Liga ZON Sagres,"2008/2009",Rio Ave FC,67.45,,30,
Portugal Liga ZON Sagres,"2009/2010",Rio Ave FC,68.34,67.45,31,30
Portugal Liga ZON Sagres,"2010/2011",Rio Ave FC,69.14,68.34,38,31
Portugal Liga ZON Sagres,"2011/2012",Rio Ave FC,69.26,69.14,28,38
Portugal Liga ZON Sagres,"2012/2013",Rio Ave FC,69.55,69.26,42,28
Portugal Liga ZON Sagres,"2013/2014",Rio Ave FC,69.68,69.55,32,42
Portugal Liga ZON Sagres,"2014/2015",Rio Ave FC,70.36,69.68,43,32
Portugal Liga ZON Sagres,"2015/2016",Rio Ave FC,70.86,70.36,50,43
Portugal Liga ZON Sagres,"2009/2010",S.C. Olhanense,67.79,,29,
Portugal Liga ZON Sagres,"2010/2011",S.C. Olhanense,67.89,67.79,34,29
Portugal Liga ZON Sagres,"2011/2012",S.C. Olhanense,69.29,67.89,39,34
Portugal Liga ZON Sagres,"2012/2013",S.C. Olhanense,69.67,69.29,25,39
Portugal Liga ZON Sagres,"2013/2014",S.C. Olhanense,68.4,69.67,24,25
Portugal Liga ZON Sagres,"2010/2011",SC Beira Mar,67.86,,33,
Portugal Liga ZON Sagres,"2011/2012",SC Beira Mar,67.76,67.86,29,33
Portugal Liga ZON Sagres,"2012/2013",SC Beira Mar,68.56,67.76,23,29
Portugal Liga ZON Sagres,"2008/2009",SC Braga,73.16,,50,
Portugal Liga ZON Sagres,"2009/2010",SC Braga,73.25,73.16,71,50
Portugal Liga ZON Sagres,"2010/2011",SC Braga,73.36,73.25,46,71
Portugal Liga ZON Sagres,"2011/2012",SC Braga,73.4,73.36,62,46
Portugal Liga ZON Sagres,"2012/2013",SC Braga,73.77,73.4,52,62
Portugal Liga ZON Sagres,"2013/2014",SC Braga,71.81,73.77,37,52
Portugal Liga ZON Sagres,"2014/2015",SC Braga,73.04,71.81,58,37
Portugal Liga ZON Sagres,"2015/2016",SC Braga,72.69,73.04,58,58
Portugal Liga ZON Sagres,"2008/2009",SL Benfica,75.4,,59,
Portugal Liga ZON Sagres,"2009/2010",SL Benfica,77.29,75.4,76,59
Portugal Liga ZON Sagres,"2010/2011",SL Benfica,76.4,77.29,63,76
Portugal Liga ZON Sagres,"2011/2012",SL Benfica,77.04,76.4,69,63
Portugal Liga ZON Sagres,"2012/2013",SL Benfica,76.52,77.04,77,69
Portugal Liga ZON Sagres,"2013/2014",SL Benfica,76.69,76.52,74,77
Portugal Liga ZON Sagres,"2014/2015",SL Benfica,76.51,76.69,85,74
Portugal Liga ZON Sagres,"2015/2016",SL Benfica,75.18,76.51,88,85
Portugal Liga ZON Sagres,"2008/2009",Sporting CP,75.45,,66,
Portugal Liga ZON Sagres,"2009/2010",Sporting CP,75.77,75.45,48,66
Portugal Liga ZON Sagres,"2010/2011",Sporting CP,75.01,75.77,48,48
Portugal Liga ZON Sagres,"2011/2012",Sporting CP,75.51,75.01,59,48
Portugal Liga ZON Sagres,"2012/2013",Sporting CP,74.57,75.51,42,59
Portugal Liga ZON Sagres,"2013/2014",Sporting CP,74.33,74.57,67,42
Portugal Liga ZON Sagres,"2014/2015",Sporting CP,75.72,74.33,76,67
Portugal Liga ZON Sagres,"2015/2016",Sporting CP,76.07,75.72,86,76
Portugal Liga ZON Sagres,"2015/2016",Tondela,70.78,,30,
Portugal Liga ZON Sagres,"2008/2009",Trofense,68.5,,23,
Portugal Liga ZON Sagres,"2015/2016",Uniao da Madeira,70.73,,29,
Portugal Liga ZON Sagres,"2009/2010","União de Leiria, SAD",68.09,,35,
Portugal Liga ZON Sagres,"2010/2011","União de Leiria, SAD",69.61,68.09,35,35
Portugal Liga ZON Sagres,"2011/2012","União de Leiria, SAD",67.96,69.61,19,35
Portugal Liga ZON Sagres,"2008/2009",Vitória Guimarães,71.59,,38,
Portugal Liga ZON Sagres,"2009/2010",Vitória Guimarães,70.02,71.59,41,38
Portugal Liga ZON Sagres,"2010/2011",Vitória Guimarães,69.8,70.02,43,41
Portugal Liga ZON Sagres,"2011/2012",Vitória Guimarães,70.34,69.8,45,43
Portugal Liga ZON Sagres,"2012/2013",Vitória Guimarães,68.94,70.34,40,45
Portugal Liga ZON Sagres,"2013/2014",Vitória Guimarães,69.33,68.94,35,40
Portugal Liga ZON Sagres,"2014/2015",Vitória Guimarães,70.8,69.33,55,35
Portugal Liga ZON Sagres,"2015/2016",Vitória Guimarães,70.88,70.8,40,55
Portugal Liga ZON Sagres,"2008/2009",Vitória Setúbal,71.74,,26,
Portugal Liga ZON Sagres,"2009/2010",Vitória Setúbal,70.28,71.74,25,26
Portugal Liga ZON Sagres,"2010/2011",Vitória Setúbal,69.02,70.28,34,25
Portugal Liga ZON Sagres,"2011/2012",Vitória Setúbal,69.5,69.02,30,34
Portugal Liga ZON Sagres,"2012/2013",Vitória Setúbal,68.47,69.5,26,30
Portugal Liga ZON Sagres,"2013/2014",Vitória Setúbal,68.8,68.47,39,26
Portugal Liga ZON Sagres,"2014/2015",Vitória Setúbal,69.7,68.8,29,39
Portugal Liga ZON Sagres,"2015/2016",Vitória Setúbal,70.34,69.7,30,29
Scotland Premier League,"2008/2009",Aberdeen,67.28,,53,
Scotland Premier League,"2009/2010",Aberdeen,66.3,67.28,41,53
Scotland Premier League,"2010/2011",Aberdeen,65.16,66.3,38,41
Scotland Premier League,"2011/2012",Aberdeen,63.58,65.16,41,38
Scotland Premier League,"2012/2013",Aberdeen,63.93,63.58,48,41
Scotland Premier League,"2013/2014",Aberdeen,64.33,63.93,68,48
Scotland Premier League,"2014/2015",Aberdeen,65.24,64.33,75,68
Scotland Premier League,"2015/2016",Aberdeen,65.78,65.24,71,75
Scotland Premier League,"2008/2009",Celtic,73.8,,82,
Scotland Premier League,"2009/2010",Celtic,71.65,73.8,81,82
Scotland Premier League,"2010/2011",Celtic,70.72,71.65,92,81
Scotland Premier League,"2011/2012",Celtic,70.31,70.72,93,92
Scotland Premier League,"2012/2013",Celtic,70.14,70.31,79,93
Scotland Premier League,"2013/2014",Celtic,69.58,70.14,99,79
Scotland Premier League,"2014/2015",Celtic,70.04,69.58,92,99
Scotland Premier League,"2015/2016",Celtic,69.28,70.04,86,92
Scotland Premier League,"2012/2013",Dundee FC,61.94,,30,
Scotland Premier League,"2014/2015",Dundee FC,62.21,61.94,45,30
Scotland Premier League,"2015/2016",Dundee FC,62.09,62.21,48,45
Scotland Premier League,"2008/2009",Dundee United,66.56,,53,
Scotland Premier League,"2009/2010",Dundee United,67.43,66.56,63,53
Scotland Premier League,"2010/2011",Dundee United,67.3,67.43,61,63
Scotland Premier League,"2011/2012",Dundee United,66.46,67.3,59,61
Scotland Premier League,"2012/2013",Dundee United,65.07,66.46,47,59
Scotland Premier League,"2013/2014",Dundee United,64.21,65.07,58,47
Scotland Premier League,"2014/2015",Dundee United,63.5,64.21,56,58
Scotland Premier League,"2015/2016",Dundee United,63.08,63.5,31,56
Scotland Premier League,"2011/2012",Dunfermline Athletic,63.04,,25,
Scotland Premier League,"2008/2009",Falkirk,65.67,,38,
Scotland Premier League,"2009/2010",Falkirk,64.34,65.67,31,38
Scotland Premier League,"2008/2009",Hamilton Academical FC,64.66,,41,
Scotland Premier League,"2009/2010",Hamilton Academical FC,65.4,64.66,49,41
Scotland Premier League,"2010/2011",Hamilton Academical FC,63.89,65.4,26,49
Scotland Premier League,"2014/2015",Hamilton Academical FC,61,63.89,53,26
Scotland Premier League,"2015/2016",Hamilton Academical FC,60.73,61,43,53
Scotland Premier League,"2008/2009",Heart of Midlothian,66.46,,59,
Scotland Premier League,"2009/2010",Heart of Midlothian,66.87,66.46,48,59
Scotland Premier League,"2010/2011",Heart of Midlothian,66.6,66.87,63,48
Scotland Premier League,"2011/2012",Heart of Midlothian,66.54,66.6,52,63
Scotland Premier League,"2012/2013",Heart of Midlothian,63.43,66.54,44,52
Scotland Premier League,"2013/2014",Heart of Midlothian,61.69,63.43,38,44
Scotland Premier League,"2015/2016",Heart of Midlothian,64.35,61.69,65,38
Scotland Premier League,"2008/2009",Hibernian,67.38,,47,
Scotland Premier League,"2009/2010",Hibernian,67.9,67.38,54,47
Scotland Premier League,"2010/2011",Hibernian,65.11,67.9,37,54
Scotland Premier League,"2011/2012",Hibernian,63.35,65.11,33,37
Scotland Premier League,"2012/2013",Hibernian,63.65,63.35,51,33
Scotland Premier League,"2013/2014",Hibernian,62.95,63.65,35,51
Scotland Premier League,"2008/2009",Inverness Caledonian Thistle,64.56,,37,
Scotland Premier League,"2010/2011",Inverness Caledonian Thistle,63.94,64.56,53,37
Scotland Premier League,"2011/2012",Inverness Caledonian Thistle,62.59,63.94,39,53
Scotland Premier League,"2012/2013",Inverness Caledonian Thistle,64.07,62.59,54,39
Scotland Premier League,"2013/2014",Inverness Caledonian Thistle,63.9,64.07,57,54
Scotland Premier League,"2014/2015",Inverness Caledonian Thistle,64.14,63.9,65,57
Scotland Premier League,"2015/2016",Inverness Caledonian Thistle,63.06,64.14,52,65
Scotland Premier League,"2008/2009",Kilmarnock,64.6,,44,
Scotland Premier League,"2009/2010",Kilmarnock,64.34,64.6,33,44
Scotland Premier League,"2010/2011",Kilmarnock,64.64,64.34,49,33
Scotland Premier League,"2011/2012",Kilmarnock,64.17,64.64,47,49
Scotland Premier League,"2012/2013",Kilmarnock,63.09,64.17,45,47
Scotland Premier League,"2013/2014",Kilmarnock,61.69,63.09,39,45
Scotland Premier League,"2014/2015",Kilmarnock,61.97,61.69,41,39
Scotland Premier League,"2015/2016",Kilmarnock,63.22,61.97,36,41
Scotland Premier League,"2008/2009",Motherwell,67.03,,48,
Scotland Premier League,"2009/2010",Motherwell,66.17,67.03,53,48
Scotland Premier League,"2010/2011",Motherwell,66.97,66.17,46,53
Scotland Premier League,"2011/2012",Motherwell,67.23,66.97,62,46
Scotland Premier League,"2012/2013",Motherwell,67.17,67.23,63,62
Scotland Premier League,"2013/2014",Motherwell,63.73,67.17,70,63
Scotland Premier League,"2014/2015",Motherwell,62.56,63.73,36,70
Scotland Premier League,"2015/2016",Motherwell,63.12,62.56,50,36
Scotland Premier League,"2013/2014",Partick Thistle F.C.,61.62,,38,
Scotland Premier League,"2014/2015",Partick Thistle F.C.,62.35,61.62,46,38
Scotland Premier League,"2015/2016",Partick Thistle F.C.,63.53,62.35,46,46
Scotland Premier League,"2008/2009",Rangers,72.63,,86,
Scotland Premier League,"2009/2010",Rangers,72.15,72.63,87,86
Scotland Premier League,"2010/2011",Rangers,71.66,72.15,93,87
Scotland Premier League,"2011/2012",Rangers,69.77,71.66,83,93
Scotland Premier League,"2012/2013",Ross County FC,62.56,,53,
Scotland Premier League,"2013/2014",Ross County FC,61.95,62.56,40,53
Scotland Premier League,"2014/2015",Ross County FC,61.84,61.95,44,40
Scotland Premier League,"2015/2016",Ross County FC,62.13,61.84,48,44
Scotland Premier League,"2009/2010",St. Johnstone FC,64.81,,47,
Scotland Premier League,"2010/2011",St. Johnstone FC,63.53,64.81,44,47
Scotland Premier League,"2011/2012",St. Johnstone FC,64.34,63.53,50,44
Scotland Premier League,"2012/2013",St. Johnstone FC,64.5,64.34,56,50
Scotland Premier League,"2013/2014",St. Johnstone FC,63.9,64.5,53,56
Scotland Premier League,"2014/2015",St. Johnstone FC,64.28,63.9,57,53
Scotland Premier League,"2015/2016",St. Johnstone FC,64,64.28,56,57
Scotland Premier League,"2008/2009",St. Mirren,64.79,,37,
Scotland Premier League,"2009/2010",St. Mirren,64.95,64.79,34,37
Scotland Premier League,"2010/2011",St. Mirren,64.03,64.95,33,34
Scotland Premier League,"2011/2012",St. Mirren,63.42,64.03,43,33
Scotland Premier League,"2012/2013",St. Mirren,63.3,63.42,41,43
Scotland Premier League,"2013/2014",St. Mirren,62.48,63.3,39,41
Scotland Premier League,"2014/2015",St. Mirren,62.22,62.48,30,39
Spain LIGA BBVA,"2008/2009",Athletic Club de Bilbao,73.88,,44,
Spain LIGA BBVA,"2009/2010",Athletic Club de Bilbao,74.86,73.88,54,44
Spain LIGA BBVA,"2010/2011",Athletic Club de Bilbao,75.99,74.86,58,54
Spain LIGA BBVA,"2011/2012",Athletic Club de Bilbao,76.27,75.99,49,58
Spain LIGA BBVA,"2012/2013",Athletic Club de Bilbao,75.69,76.27,45,49
Spain LIGA BBVA,"2013/2014",Athletic Club de Bilbao,76.26,75.69,70,45
Spain LIGA BBVA,"2014/2015",Athletic Club de Bilbao,76.9,76.26,55,70
Spain LIGA BBVA,"2015/2016",Athletic Club de Bilbao,76.98,76.9,62,55
Spain LIGA BBVA,"2008/2009",Atlético Madrid,78.75,,67,
Spain LIGA BBVA,"2009/2010",Atlético Madrid,77.84,78.75,47,67
Spain LIGA BBVA,"2010/2011",Atlético Madrid,78.37,77.84,58,47
Spain LIGA BBVA,"2011/2012",Atlético Madrid,77.86,78.37,56,58
Spain LIGA BBVA,"2012/2013",Atlético Madrid,79.27,77.86,76,56
Spain LIGA BBVA,"2013/2014",Atlético Madrid,79.74,79.27,90,76
Spain LIGA BBVA,"2014/2015",Atlético Madrid,78.98,79.74,78,90
Spain LIGA BBVA,"2015/2016",Atlético Madrid,78.84,78.98,88,78
Spain LIGA BBVA,"2008/2009",CA Osasuna,73.02,,43,
Spain LIGA BBVA,"2009/2010",CA Osasuna,74.6,73.02,43,43
Spain LIGA BBVA,"2010/2011",CA Osasuna,74.34,74.6,47,43
Spain LIGA BBVA,"2011/2012",CA Osasuna,73.11,74.34,54,47
Spain LIGA BBVA,"2012/2013",CA Osasuna,73.14,73.11,39,54
Spain LIGA BBVA,"2013/2014",CA Osasuna,73.07,73.14,39,39
Spain LIGA BBVA,"2008/2009",CD Numancia,72.53,,35,
Spain LIGA BBVA,"2009/2010",CD Tenerife,73.23,,36,
Spain LIGA BBVA,"2014/2015",Córdoba CF,71.68,,20,
Spain LIGA BBVA,"2013/2014",Elche CF,73.03,,40,
Spain LIGA BBVA,"2014/2015",Elche CF,73.65,73.03,41,40
Spain LIGA BBVA,"2008/2009",FC Barcelona,81.28,,87,
Spain LIGA BBVA,"2009/2010",FC Barcelona,81.19,81.28,99,87
Spain LIGA BBVA,"2010/2011",FC Barcelona,81.95,81.19,96,99
Spain LIGA BBVA,"2011/2012",FC Barcelona,82.24,81.95,91,96
Spain LIGA BBVA,"2012/2013",FC Barcelona,81.56,82.24,100,91
Spain LIGA BBVA,"2013/2014",FC Barcelona,81.29,81.56,87,100
Spain LIGA BBVA,"2014/2015",FC Barcelona,81.58,81.29,94,87
Spain LIGA BBVA,"2015/2016",FC Barcelona,80.86,81.58,91,94
Spain LIGA BBVA,"2008/2009",Getafe CF,75.55,,42,
Spain LIGA BBVA,"2009/2010",Getafe CF,75.34,75.55,58,42
Spain LIGA BBVA,"2010/2011",Getafe CF,74.76,75.34,44,58
Spain LIGA BBVA,"2011/2012",Getafe CF,74.46,74.76,47,44
Spain LIGA BBVA,"2012/2013",Getafe CF,74.53,74.46,47,47
Spain LIGA BBVA,"2013/2014",Getafe CF,73.66,74.53,42,47
Spain LIGA BBVA,"2014/2015",Getafe CF,73.31,73.66,37,42
Spain LIGA BBVA,"2015/2016",Getafe CF,74.33,73.31,36,37
Spain LIGA BBVA,"2011/2012",Granada CF,72.54,,42,
Spain LIGA BBVA,"2012/2013",Granada CF,73.35,72.54,42,42
Spain LIGA BBVA,"2013/2014",Granada CF,72.98,73.35,41,42
Spain LIGA BBVA,"2014/2015",Granada CF,72.88,72.98,35,41
Spain LIGA BBVA,"2015/2016",Granada CF,73.19,72.88,39,35
Spain LIGA BBVA,"2010/2011",Hércules Club de Fútbol,73.61,,35,
Spain LIGA BBVA,"2010/2011",Levante UD,72.96,,45,
Spain LIGA BBVA,"2011/2012",Levante UD,73.85,72.96,55,45
Spain LIGA BBVA,"2012/2013",Levante UD,74.26,73.85,46,55
Spain LIGA BBVA,"2013/2014",Levante UD,73.85,74.26,48,46
Spain LIGA BBVA,"2014/2015",Levante UD,73.13,73.85,37,48
Spain LIGA BBVA,"2015/2016",Levante UD,73.02,73.13,32,37
Spain LIGA BBVA,"2008/2009",Málaga CF,72.15,,55,
Spain LIGA BBVA,"2009/2010",Málaga CF,73.68,72.15,37,55
Spain LIGA BBVA,"2010/2011",Málaga CF,73.35,73.68,46,37
Spain LIGA BBVA,"2011/2012",Málaga CF,76.78,73.35,58,46
Spain LIGA BBVA,"2012/2013",Málaga CF,77,76.78,57,58
Spain LIGA BBVA,"2013/2014",Málaga CF,74.32,77,45,57
Spain LIGA BBVA,"2014/2015",Málaga CF,74.05,74.32,50,45
Spain LIGA BBVA,"2015/2016",Málaga CF,74.18,74.05,48,50
Spain LIGA BBVA,"2012/2013",RC Celta de Vigo,73.1,,37,
Spain LIGA BBVA,"2013/2014",RC Celta de Vigo,73.18,73.1,49,37
Spain LIGA BBVA,"2014/2015",RC Celta de Vigo,75.07,73.18,51,49
Spain LIGA BBVA,"2015/2016",RC Celta de Vigo,76.28,75.07,60,51
Spain LIGA BBVA,"2008/2009",RC Deportivo de La Coruña,75.13,,58,
Spain LIGA BBVA,"2009/2010",RC Deportivo de La Coruña,75.53,75.13,47,58
Spain LIGA BBVA,"2010/2011",RC Deportivo de La Coruña,74.43,75.53,43,47
Spain LIGA BBVA,"2012/2013",RC Deportivo de La Coruña,73.96,74.43,35,43
Spain LIGA BBVA,"2014/2015",RC Deportivo de La Coruña,73.29,73.96,35,35
Spain LIGA BBVA,"2015/2016",RC Deportivo de La Coruña,74.86,73.29,42,35
Spain LIGA BBVA,"2008/2009",RC Recreativo,73.35,,33,
Spain LIGA BBVA,"2008/2009",RCD Espanyol,75.11,,47,
Spain LIGA BBVA,"2009/2010",RCD Espanyol,74.41,75.11,44,47
Spain LIGA BBVA,"2010/2011",RCD Espanyol,74.19,74.41,49,44
Spain LIGA BBVA,"2011/2012",RCD Espanyol,74.12,74.19,46,49
Spain LIGA BBVA,"2012/2013",RCD Espanyol,73.96,74.12,44,46
Spain LIGA BBVA,"2013/2014",RCD Espanyol,73.17,73.96,42,44
Spain LIGA BBVA,"2014/2015",RCD Espanyol,73.33,73.17,49,42
Spain LIGA BBVA,"2015/2016",RCD Espanyol,73.03,73.33,43,49
Spain LIGA BBVA,"2008/2009",RCD Mallorca,74.96,,51,
Spain LIGA BBVA,"2009/2010",RCD Mallorca,75.42,74.96,62,51
Spain LIGA BBVA,"2010/2011",RCD Mallorca,74.22,75.42,44,62
Spain LIGA BBVA,"2011/2012",RCD Mallorca,73.81,74.22,52,44
Spain LIGA BBVA,"2012/2013",RCD Mallorca,73.46,73.81,36,52
Spain LIGA BBVA,"2008/2009",Racing Santander,73.89,,46,
Spain LIGA BBVA,"2009/2010",Racing Santander,73.93,73.89,39,46
Spain LIGA BBVA,"2010/2011",Racing Santander,74.19,73.93,46,39
Spain LIGA BBVA,"2011/2012",Racing Santander,71.99,74.19,27,46
Spain LIGA BBVA,"2011/2012",Rayo Vallecano,72.17,,43,
Spain LIGA BBVA,"2012/2013",Rayo Vallecano,73.64,72.17,53,43
Spain LIGA BBVA,"2013/2014",Rayo Vallecano,73.24,73.64,43,53
Spain LIGA BBVA,"2014/2015",Rayo Vallecano,74.68,73.24,49,43
Spain LIGA BBVA,"2015/2016",Rayo Vallecano,74.11,74.68,38,49
Spain LIGA BBVA,"2008/2009",Real Betis Balompié,73.31,,42,
Spain LIGA BBVA,"2011/2012",Real Betis Balompié,73.13,73.31,47,42
Spain LIGA BBVA,"2012/2013",Real Betis Balompié,74.23,73.13,56,47
Spain LIGA BBVA,"2013/2014",Real Betis Balompié,73.32,74.23,25,56
Spain LIGA BBVA,"2015/2016",Real Betis Balompié,73.83,73.32,45,25
Spain LIGA BBVA,"2008/2009",Real Madrid CF,81.17,,78,
Spain LIGA BBVA,"2009/2010",Real Madrid CF,81.95,81.17,96,78
Spain LIGA BBVA,"2010/2011",Real Madrid CF,81.92,81.95,92,96
Spain LIGA BBVA,"2011/2012",Real Madrid CF,82.15,81.92,100,92
Spain LIGA BBVA,"2012/2013",Real Madrid CF,80.39,82.15,85,100
Spain LIGA BBVA,"2013/2014",Real Madrid CF,80.89,80.39,87,85
Spain LIGA BBVA,"2014/2015",Real Madrid CF,81.8,80.89,92,87
Spain LIGA BBVA,"2015/2016",Real Madrid CF,80.52,81.8,90,92
Spain LIGA BBVA,"2010/2011",Real Sociedad,73.58,,45,
Spain LIGA BBVA,"2011/2012",Real Sociedad,73.78,73.58,47,45
Spain LIGA BBVA,"2012/2013",Real Sociedad,75.37,73.78,66,47
Spain LIGA BBVA,"2013/2014",Real Sociedad,76.01,75.37,59,66
Spain LIGA BBVA,"2014/2015",Real Sociedad,75.61,76.01,46,59
Spain LIGA BBVA,"2015/2016",Real Sociedad,75,75.61,48,46
Spain LIGA BBVA,"2008/2009",Real Sporting de Gijón,71.61,,43,
Spain LIGA BBVA,"2009/2010",Real Sporting de Gijón,73.88,71.61,40,43
Spain LIGA BBVA,"2010/2011",Real Sporting de Gijón,74.11,73.88,47,40
Spain LIGA BBVA,"2011/2012",Real Sporting de Gijón,72.79,74.11,37,47
Spain LIGA BBVA,"2015/2016",Real Sporting de Gijón,73.42,72.79,39,37
Spain LIGA BBVA,"2008/2009",Real Valladolid,73.67,,43,
Spain LIGA BBVA,"2009/2010",Real Valladolid,73.39,73.67,36,43
Spain LIGA BBVA,"2012/2013",Real Valladolid,72.72,73.39,43,36
Spain LIGA BBVA,"2013/2014",Real Valladolid,72.83,72.72,36,43
Spain LIGA BBVA,"2009/2010",Real Zaragoza,74.75,,41,
Spain LIGA BBVA,"2010/2011",Real Zaragoza,73.69,74.75,45,41
Spain LIGA BBVA,"2011/2012",Real Zaragoza,73.51,73.69,43,45
Spain LIGA BBVA,"2012/2013",Real Zaragoza,73.86,73.51,34,43
Spain LIGA BBVA,"2014/2015",SD Eibar,71.87,,35,
Spain LIGA BBVA,"2015/2016",SD Eibar,72.14,71.87,43,35
Spain LIGA BBVA,"2008/2009",Sevilla FC,77.6,,70,
Spain LIGA BBVA,"2009/2010",Sevilla FC,77.83,77.6,63,70
Spain LIGA BBVA,"2010/2011",Sevilla FC,77.49,77.83,58,63
Spain LIGA BBVA,"2011/2012",Sevilla FC,76.88,77.49,50,58
Spain LIGA BBVA,"2012/2013",Sevilla FC,77.04,76.88,50,50
Spain LIGA BBVA,"2013/2014",Sevilla FC,74.98,77.04,63,50
Spain LIGA BBVA,"2014/2015",Sevilla FC,76.67,74.98,76,63
Spain LIGA BBVA,"2015/2016",Sevilla FC,77.46,76.67,52,76
Spain LIGA BBVA,"2008/2009",UD Almería,73.94,,46,
Spain LIGA BBVA,"2009/2010",UD Almería,74.57,73.94,42,46
Spain LIGA BBVA,"2010/2011",UD Almería,74.03,74.57,30,42
Spain LIGA BBVA,"2013/2014",UD Almería,71.69,74.03,40,30
Spain LIGA BBVA,"2014/2015",UD Almería,72.11,71.69,32,40
Spain LIGA BBVA,"2015/2016",UD Las Palmas,72.06,,44,
Spain LIGA BBVA,"2008/2009",Valencia CF,78.39,,62,
Spain LIGA BBVA,"2009/2010",Valencia CF,78.55,78.39,71,62
Spain LIGA BBVA,"2010/2011",Valencia CF,77.57,78.55,71,71
Spain LIGA BBVA,"2011/2012",Valencia CF,77.22,77.57,61,71
Spain LIGA BBVA,"2012/2013",Valencia CF,78.08,77.22,65,61
Spain LIGA BBVA,"2013/2014",Valencia CF,76.08,78.08,49,65
Spain LIGA BBVA,"2014/2015",Valencia CF,77.59,76.08,77,49
Spain LIGA BBVA,"2015/2016",Valencia CF,77.02,77.59,44,77
Spain LIGA BBVA,"2008/2009",Villarreal CF,77.31,,65,
Spain LIGA BBVA,"2009/2010",Villarreal CF,77.72,77.31,56,65
Spain LIGA BBVA,"2010/2011",Villarreal CF,78.03,77.72,62,56
Spain LIGA BBVA,"2011/2012",Villarreal CF,76.41,78.03,41,62
Spain LIGA BBVA,"2013/2014",Villarreal CF,73.63,76.41,59,41
Spain LIGA BBVA,"2014/2015",Villarreal CF,75.41,73.63,60,59
Spain LIGA BBVA,"2015/2016",Villarreal CF,76.58,75.41,64,60
Spain LIGA BBVA,"2009/2010",Xerez Club Deportivo,72.18,,34,
Switzerland Super League,"2008/2009",AC Bellinzona,60.48,,43,
Switzerland Super League,"2009/2010",AC Bellinzona,59.62,60.48,25,43
Switzerland Super League,"2010/2011",AC Bellinzona,60.38,59.62,32,25
Switzerland Super League,"2008/2009",BSC Young Boys,64.78,,73,
Switzerland Super League,"2009/2010",BSC Young Boys,64.68,64.78,77,73
Switzerland Super League,"2010/2011",BSC Young Boys,65.72,64.68,57,77
Switzerland Super League,"2011/2012",BSC Young Boys,66.39,65.72,51,57
Switzerland Super League,"2012/2013",BSC Young Boys,64.88,66.39,43,51
Switzerland Super League,"2013/2014",BSC Young Boys,64.46,64.88,59,43
Switzerland Super League,"2014/2015",BSC Young Boys,64.99,64.46,66,59
Switzerland Super League,"2015/2016",BSC Young Boys,65.13,64.99,69,66
Switzerland Super League,"2008/2009",FC Aarau,60.59,,44,
Switzerland Super League,"2009/2010",FC Aarau,60.02,60.59,23,44
Switzerland Super League,"2013/2014",FC Aarau,62.47,60.02,42,23
Switzerland Super League,"2014/2015",FC Aarau,62.56,62.47,30,42
Switzerland Super League,"2008/2009",FC Basel,65.27,,72,
Switzerland Super League,"2009/2010",FC Basel,65.85,65.27,80,72
Switzerland Super League,"2010/2011",FC Basel,67.87,65.85,73,80
Switzerland Super League,"2011/2012",FC Basel,68.35,67.87,74,73
Switzerland Super League,"2012/2013",FC Basel,68.58,68.35,72,74
Switzerland Super League,"2013/2014",FC Basel,69.08,68.58,72,72
Switzerland Super League,"2014/2015",FC Basel,69.34,69.08,78,72
Switzerland Super League,"2015/2016",FC Basel,70.03,69.34,83,78
Switzerland Super League,"2011/2012",FC Lausanne-Sports,63,,30,
Switzerland Super League,"2012/2013",FC Lausanne-Sports,62.94,63,33,30
Switzerland Super League,"2013/2014",FC Lausanne-Sports,63.99,62.94,24,33
Switzerland Super League,"2008/2009",FC Luzern,62.02,,35,
Switzerland Super League,"2009/2010",FC Luzern,61.94,62.02,58,35
Switzerland Super League,"2010/2011",FC Luzern,62.86,61.94,48,58
Switzerland Super League,"2011/2012",FC Luzern,63.68,62.86,54,48
Switzerland Super League,"2012/2013",FC Luzern,64.43,63.68,42,54
Switzerland Super League,"2013/2014",FC Luzern,63.75,64.43,51,42
Switzerland Super League,"2014/2015",FC Luzern,64.89,63.75,47,51
Switzerland Super League,"2015/2016",FC Luzern,64.38,64.89,54,47
Switzerland Super League,"2008/2009",FC Sion,62.01,,37,
Switzerland Super League,"2009/2010",FC Sion,62.34,62.01,51,37
Switzerland Super League,"2010/2011",FC Sion,63.53,62.34,54,51
Switzerland Super League,"2011/2012",FC Sion,65.04,63.53,53,54
Switzerland Super League,"2012/2013",FC Sion,65.89,65.04,48,53
Switzerland Super League,"2013/2014",FC Sion,65,65.89,43,48
Switzerland Super League,"2014/2015",FC Sion,65.56,65,45,43
Switzerland Super League,"2015/2016",FC Sion,66.2,65.56,50,45
Switzerland Super League,"2009/2010",FC St. Gallen,61.2,,46,
Switzerland Super League,"2010/2011",FC St. Gallen,61.18,61.2,31,46
Switzerland Super League,"2012/2013",FC St. Gallen,61.65,61.18,59,31
Switzerland Super League,"2013/2014",FC St. Gallen,61.74,61.65,45,59
Switzerland Super League,"2014/2015",FC St. Gallen,62.75,61.74,47,45
Switzerland Super League,"2015/2016",FC St. Gallen,63.18,62.75,38,47
Switzerland Super League,"2010/2011",FC Thun,61.28,,49,
Switzerland Super League,"2011/2012",FC Thun,63.17,61.28,43,49
Switzerland Super League,"2012/2013",FC Thun,61.63,63.17,48,43
Switzerland Super League,"2013/2014",FC Thun,62.66,61.63,48,48
Switzerland Super League,"2014/2015",FC Thun,62.86,62.66,52,48
Switzerland Super League,"2015/2016",FC Thun,62.9,62.86,41,52
Switzerland Super League,"2008/2009",FC Vaduz,64.22,,22,
Switzerland Super League,"2014/2015",FC Vaduz,61.39,64.22,31,22
Switzerland Super League,"2015/2016",FC Vaduz,62.09,61.39,36,31
Switzerland Super League,"2008/2009",FC Zürich,65.47,,79,
Switzerland Super League,"2009/2010",FC Zürich,64.84,65.47,45,79
Switzerland Super League,"2010/2011",FC Zürich,64.09,64.84,72,45
Switzerland Super League,"2011/2012",FC Zürich,64.02,64.09,41,72
Switzerland Super League,"2012/2013",FC Zürich,63.56,64.02,55,41
Switzerland Super League,"2013/2014",FC Zürich,64.2,63.56,50,55
Switzerland Super League,"2014/2015",FC Zürich,64.42,64.2,53,50
Switzerland Super League,"2015/2016",FC Zürich,64.07,64.42,34,53
Switzerland Super League,"2008/2009",Grasshopper Club Zürich,64.05,,50,
Switzerland Super League,"2009/2010",Grasshopper Club Zürich,62.33,64.05,65,50
Switzerland Super League,"2010/2011",Grasshopper Club Zürich,61.56,62.33,41,65
Switzerland Super League,"2011/2012",Grasshopper Club Zürich,62.04,61.56,26,41
Switzerland Super League,"2012/2013",Grasshopper Club Zürich,64.23,62.04,69,26
Switzerland Super League,"2013/2014",Grasshopper Club Zürich,65.56,64.23,65,69
Switzerland Super League,"2014/2015",Grasshopper Club Zürich,66,65.56,43,65
Switzerland Super League,"2015/2016",Grasshopper Club Zürich,66.04,66,53,43
Switzerland Super League,"2015/2016",Lugano,62.74,,35,
Switzerland Super League,"2008/2009",Neuchâtel Xamax,63.1,,40,
Switzerland Super League,"2009/2010",Neuchâtel Xamax,59.54,63.1,41,40
Switzerland Super League,"2010/2011",Neuchâtel Xamax,60.72,59.54,32,41
Switzerland Super League,"2011/2012",Neuchâtel Xamax,63.63,60.72,26,32
Switzerland Super League,"2011/2012",Servette FC,60.87,,48,
Switzerland Super League,"2012/2013",Servette FC,61.97,60.87,26,48
